"root_id","customer_text","suggested_intent","suggestion_confidence","_source","true_intent","confidence","rationale","_labeler","_labeled_at","_method","initial_suggestion","suggestion_source","human_confirmed","human_changed","human_changed_to"
"22652","@GWRHelp why is everything delayed this morning again?","delay_compensation","0.146","natural","delay_compensation","medium","tfidf moderate match","auto-cascade-v1","2026-09-13T13:20:43+00:00","tfidf-med","delay_compensation","tfidf-med","y","",""
"41114","@GWRHelp turn the air con off!!! It’s November. Yes you’ve squished two services together but it’s icy!! 1513 BTH to PAD coach B #brrrrr","seat_reservation","0.255","targeted:seat_reservation","seat_reservation","high","rule: seat reservation","auto-cascade-v1","2026-09-13T13:20:43+00:00","rule","seat_reservation","rule","y","",""
"43978","@GWRHelp how come I only receive a £10.50 refund when the engineering works were unplanned last month that's hardly fair","refund_request","0.381","targeted:refund_request","refund_request","high","rule: explicit refund","auto-cascade-v1","2026-09-13T13:20:43+00:00","rule","refund_request","rule","y","",""
"59200","#really https://t.co/ICrWwBRkY6","other","0.048","natural","other","low","weak TF-IDF match; falls outside defined intents","auto-cascade-v1","2026-09-13T13:20:43+00:00","tfidf-low","other","tfidf-low","y","",""
"69045","@GWRHelp the conductor on the 9:23 from Exmouth has an utterly disgusting attitude and has just humiliated me on a packed train #Ableism","other","0.097","natural","on_board_issue","high","rule: onboard condition","auto-cascade-v1","2026-09-13T13:20:43+00:00","rule","other","rule","y","",""
"97502","I think it's about time train companies take a more human approach when dealing with passengers regarding losing part of their train ticket @123241 @GWRHelp @121428","timetable_info","0.207","natural","other","low","top-2 intents equally close (see sims)","auto-cascade-v1","2026-09-13T13:20:43+00:00","tfidf-ambig","timetable_info","tfidf-ambig","y","y","other"
"103896","Frustrated to have missed my train, but silver lining is I get to ride the new @5960 train to Swindon. Sweet! @GWRHelp","delay_compensation","0.169","natural","delay_compensation","medium","tfidf moderate match","auto-cascade-v1","2026-09-13T13:20:43+00:00","tfidf-med","delay_compensation","tfidf-med","y","",""
"111684","@GWRHelp why is the 19.05 PAD-HOT delayed?","other","0.084","natural","delay_compensation","low","weak TF-IDF match; falls outside defined intents","auto-cascade-v1","2026-09-13T13:20:43+00:00","tfidf-low","other","tfidf-low","y","y","delay_compensation"
"111708","Great Western Railway must really want a Corbyn government 🌹 @GWRHelp #ToriesOut","other","0.079","natural","other","low","weak TF-IDF match; falls outside defined intents","auto-cascade-v1","2026-09-13T13:20:43+00:00","tfidf-low","other","tfidf-low","y","",""
"119084","@GWRHelp why so many cancellations and delays this week?","other","0.074","natural","service_disruption","low","weak TF-IDF match; falls outside defined intents","auto-cascade-v1","2026-09-13T13:20:43+00:00","tfidf-low","other","tfidf-low","y","y","service_disruption"
"121436","@GWRHelp the 22.21 Paddington to Bedwyn is showing as delayed boarding 7 mins late. Please can you request that Maidenhead hold the connection to Marlow to allow people like me to get home on this cold evening. Thank you","delay_compensation","0.104","natural","delay_compensation","high","rule: praise","auto-cascade-v1","2026-09-13T13:20:43+00:00","rule","delay_compensation","rule","y","y","delay_compensation"
"123664","@GWRHelp any idea when the train we are on will get in to Bristol parkway? It's the 22.45 Paddington to Swansea https://t.co/aVUuFxffoH","lost_property","0.146","natural","timetable_info","medium","tfidf moderate match","auto-cascade-v1","2026-09-13T13:20:43+00:00","tfidf-med","lost_property","tfidf-med","y","y","timetable_info"
"131440","@GWRHelp yet again I need to find an alternative, more expensive, way to get to work as I will miss my connecting train.  When will the 07:12 from Crowthorne actually be the 07:12?","timetable_info","0.121","targeted:timetable_info","delay_compensation","medium","tfidf moderate match","auto-cascade-v1","2026-09-13T13:20:43+00:00","tfidf-med","timetable_info","tfidf-med","y","y","delay_compensation"
"132085","@GWRHelp Can someone please convey to the driver of the 17.18 to Hayes and Harlington from Paddington yesterday that he's an idiot for 3 times trying to close the doors in carriage 6 when at least 10 people were still trying to get off at West Ealing","booking_issue","0.116","natural","on_board_issue","low","top-2 intents equally close (see sims)","auto-cascade-v1","2026-09-13T13:20:43+00:00","tfidf-ambig","booking_issue","tfidf-ambig","y","y","on_board_issue"
"133135","@GWRHelp hi, why is the 07.53 TWY-PAD crawling? What time are we due into PAD? Late again?!","other","0.096","targeted:timetable_info","delay_compensation","high","rule: timetable/next train","auto-cascade-v1","2026-09-13T13:20:43+00:00","rule","other","rule","y","y","delay_compensation"
"145571","@GWRHelp there was a train from Paddington to Cardiff last night (after 9pm) that was cancelled, I believe, but can't go back far enough on your tools to pinpoint it. Any help? Thanks.","service_disruption","0.185","natural","service_disruption","high","rule: live cancellation/disruption","auto-cascade-v1","2026-09-13T13:20:43+00:00","rule","service_disruption","rule","y","",""
"154842","Delayed and now diverted via God only knows where (Trowbridge, Melksham and Swindon) - just another crappy Friday trip on @GWRHelp. Refund should be in order today!","refund_request","0.35","targeted:refund_request","refund_request","high","rule: explicit refund","auto-cascade-v1","2026-09-13T13:20:43+00:00","rule","refund_request","rule","y","",""
"154873","I don’t know why I bother with a standing desk at work. I get to stand morning and evening with @GWRHelp","other","0.095","natural","on_board_issue","low","weak TF-IDF match; falls outside defined intents","auto-cascade-v1","2026-09-13T13:20:43+00:00","tfidf-low","other","tfidf-low","y","y","on_board_issue"
"154936","@GWRHelp unbearable trip to Bristol on an 'off peak' 16:30 service from Paddington to Bristol Temple Meads. Not even enough room to stand in the isles and £77 for the privilege #daylightrobbery https://t.co/xV0f10eKaz","delay_compensation","0.119","natural","on_board_issue","low","top-2 intents equally close (see sims)","auto-cascade-v1","2026-09-13T13:20:43+00:00","tfidf-ambig","delay_compensation","tfidf-ambig","y","y","on_board_issue"
"161842","@GWRHelp Hello. Any chance of some extra carriages on rush hour services between Bath and Bristol during Christmas Market? Lots of people standing and others unable to board today due to extra visitors/shoppers.","on_board_issue","0.111","natural","on_board_issue","medium","tfidf moderate match","auto-cascade-v1","2026-09-13T13:20:43+00:00","tfidf-med","on_board_issue","tfidf-med","y","",""
"174072","Another late/delayed @GWRHelp train. I've had atleast one late/delayed train for the past 3 weeks.","delay_compensation","0.227","natural","delay_compensation","high","tfidf strong match","auto-cascade-v1","2026-09-13T13:20:43+00:00","tfidf-high","delay_compensation","tfidf-high","y","",""
"446419","@GWRHelp  was first person in carriage on 18.47 from Padd and had full choice of seats, but because you didn't put out reserved signs I got bumped off at last minute and have to stand, what are you going to do, refund my ticket?","refund_request","0.274","natural","refund_request","high","rule: explicit refund","auto-cascade-v1","2026-09-13T13:20:43+00:00","rule","refund_request","rule","y","",""
"471478","@GWRHelp please advise how to stop text alerts?","other","0.056","natural","other","low","weak TF-IDF match; falls outside defined intents","auto-cascade-v1","2026-09-13T13:20:43+00:00","tfidf-low","other","tfidf-low","y","",""
"477869","@GWRHelp Recieved horrendous customer service from your staff at Paddington today. You have your customers over a barrel and you know it.","on_board_issue","0.103","natural","on_board_issue","low","top-2 intents equally close (see sims)","auto-cascade-v1","2026-09-13T13:20:43+00:00","tfidf-ambig","on_board_issue","tfidf-ambig","y","y","on_board_issue"
"480894","@GWRHelp hey i ordered some tickets on 21st and I opted to have them posted but they haven't arrived. Could someone look in to it for me please?","booking_issue","0.111","natural","booking_issue","medium","tfidf moderate match","auto-cascade-v1","2026-09-13T13:20:43+00:00","tfidf-med","booking_issue","tfidf-med","y","",""
"493193","Shocking cattle carrier of two coaches rammed to the rafters all the way from Exeter to Paignton (that’s an hour!) on a Friday evening to the sth west coast! Are you for real @GWRHelp ?☹️ @145773 @128411","other","0.05","natural","on_board_issue","low","weak TF-IDF match; falls outside defined intents","auto-cascade-v1","2026-09-13T13:20:43+00:00","tfidf-low","other","tfidf-low","y","y","on_board_issue"
"529892","@GWRHelp extremely disappointed that the Maidenhead to PAD didn’t wait for the 3 minute delayed Oxford to Maidenhead Service, especially as the trains are truncated services today. 30min wait here now and will be an hour late to my final destination now.","other","0.072","natural","delay_compensation","low","weak TF-IDF match; falls outside defined intents","auto-cascade-v1","2026-09-13T13:20:43+00:00","tfidf-low","other","tfidf-low","y","y","delay_compensation"
"534565","Train to Cardiff completely rammed. 3 coaches on a Wales international day. Way to go @GWRHelp 💩","other","0.073","natural","on_board_issue","low","weak TF-IDF match; falls outside defined intents","auto-cascade-v1","2026-09-13T13:20:43+00:00","tfidf-low","other","tfidf-low","y","y","on_board_issue"
"543036","Looking forward to next week - have a packed week meeting with the @GWRHelp #GWRTrains team talking #WestCountry... https://t.co/TRrTG3c3dA","other","0.043","natural","other","high","rule: onboard condition","auto-cascade-v1","2026-09-13T13:20:43+00:00","rule","other","rule","y","y","other"
"544280","@GWRHelp hi. website says adv tx from pad/rdg to exe/pnz now avail until 17/5/18. so why when trying to book pad-pnz on 4may does it say ""only avail 3 months in advance""?","booking_issue","0.295","targeted:booking_issue","booking_issue","high","tfidf strong match","auto-cascade-v1","2026-09-13T13:20:43+00:00","tfidf-high","booking_issue","tfidf-high","y","",""
"556902","@GWRHelp So let me get this straight, the train is cancelled due 'one' member of the train staff can't make it.  Surely there are backups in place, in case this happens.  It's called 'Risk.'  Get your management team to look it up next time out.","service_disruption","0.169","natural","service_disruption","high","rule: live cancellation/disruption","auto-cascade-v1","2026-09-13T13:20:43+00:00","rule","service_disruption","rule","y","",""
"580700","Love the new @GWRHelp livery. Haven't been on one yet, does the interior look as distinguished as the exterior?","other","0.063","natural","praise_or_chatter","high","rule: praise","auto-cascade-v1","2026-09-13T13:20:43+00:00","rule","other","rule","y","",""
"580725","@GWRHelp purchased advance MAI to Bath Spa via RDG. 10:31 to RDG. cancelled. I complete my part of the contract in good faith, keep up yours please. Will be claiming refund as matter of principle. Shocking service.","refund_request","0.221","targeted:refund_request","refund_request","high","rule: explicit refund","auto-cascade-v1","2026-09-13T13:20:43+00:00","rule","refund_request","rule","y","",""
"582246","@GWRHelp So I’m sat on the stalled 12.30 train to Bristol at Chippenham, &amp; will miss my connection to Cardiff to watch a show. I presume you’ll reimburse my show tickets? Email address please...","timetable_info","0.134","targeted:refund_request","refund_request","high","rule: explicit refund","auto-cascade-v1","2026-09-13T13:20:43+00:00","rule","timetable_info","rule","y","",""
"594473","@GWRHelp will off peak tickets bought for today be valid for use tomorrow at rush hour???","other","0.088","natural","other","low","weak TF-IDF match; falls outside defined intents","auto-cascade-v1","2026-09-13T13:20:43+00:00","tfidf-low","other","tfidf-low","y","",""
"595877","Brilliant. Another delayed @GWRHelp train costs me an hour of my life. Monopolised scum, it truly is.","delay_compensation","0.19","natural","delay_compensation","high","rule: praise","auto-cascade-v1","2026-09-13T13:20:43+00:00","rule","delay_compensation","rule","y","y","delay_compensation"
"595947","What If it is not dated for today but an open return? @GWRHelp https://t.co/iSmWwT0yg0","other","0.057","natural","other","low","weak TF-IDF match; falls outside defined intents","auto-cascade-v1","2026-09-13T13:20:43+00:00","tfidf-low","other","tfidf-low","y","",""
"605222","@GWRHelp why do I constantly find Theale car park full? Forced to park 0.5 miles away. Station master says it’s used by Amazon staff for adjacent depot. @AmazonHelp","praise_or_chatter","0.142","natural","other","medium","tfidf moderate match","auto-cascade-v1","2026-09-13T13:20:43+00:00","tfidf-med","praise_or_chatter","tfidf-med","y","y","other"
"624027","@GWRHelp Hi any idea what's happening with the 16.03 Exeter St Davids to London Paddington? Thanks","timetable_info","0.16","natural","service_disruption","high","rule: praise","auto-cascade-v1","2026-09-13T13:20:43+00:00","rule","timetable_info","rule","y","y","service_disruption"
"624055","@GWRHelp I spoke with an advisor who said I can get a refund or discount on my next months season ticket due to the cancellations/delays I’ve had this current month. How do i get this discount? There’s no where to do it online.","refund_request","0.312","natural","refund_request","high","rule: explicit refund","auto-cascade-v1","2026-09-13T13:20:43+00:00","rule","refund_request","rule","y","",""
"634082","@GWRHelp DO I NEED TO GETTHE 16:45 OR IS THE 16:49 AN 8 CAR HST AS ITS SUPPOSED TO BE ? https://t.co/nmnn5mvyVg","other","0.088","natural","other","low","weak TF-IDF match; falls outside defined intents","auto-cascade-v1","2026-09-13T13:20:43+00:00","tfidf-low","other","tfidf-low","y","",""
"640754","@GWRHelp it’s me again... you may remember me? You made me late for work again this morning... ha ha ha great stuff. Anyways this evening im trying to get Home. You’ll never guess what, your gonna f*#k that up for me too! No trains from Paddington to Didcot! Ah GWR classic bants","service_disruption","0.139","natural","service_disruption","high","rule: live cancellation/disruption","auto-cascade-v1","2026-09-13T13:20:43+00:00","rule","service_disruption","rule","y","",""
"673796","@GWRHelp what’s happened to the 0930 Bristol TM - Paddington?","service_disruption","0.145","natural","service_disruption","medium","tfidf moderate match","auto-cascade-v1","2026-09-13T13:20:43+00:00","tfidf-med","service_disruption","tfidf-med","y","",""
"700602","@GWRHelp are we going to move the 1536 SWI-Cheltenham today? It’s rammed, late and I’m going to miss my connection home. The London cancellations should have no bearing on this.","other","0.08","natural","on_board_issue","low","weak TF-IDF match; falls outside defined intents","auto-cascade-v1","2026-09-13T13:20:43+00:00","tfidf-low","other","tfidf-low","y","y","on_board_issue"
"724676","@GWRHelp I'm on a train heading from London and almost at Maidenhead and there is a bag on the seat unattended.  I'm in the front of the second carriage","lost_property","0.136","natural","other","low","top-2 intents equally close (see sims)","auto-cascade-v1","2026-09-13T13:20:43+00:00","tfidf-ambig","lost_property","tfidf-ambig","y","y","other"
"733207","@GWRHelp 9:27 from PAD delayed because driver not allowed to drive without a break. Do you have only one driver for this service?","other","0.075","natural","delay_compensation","low","weak TF-IDF match; falls outside defined intents","auto-cascade-v1","2026-09-13T13:20:43+00:00","tfidf-low","other","tfidf-low","y","y","delay_compensation"
"733248","@GWRHelp Bloody ridiculous 07:53 TWY-PAD again 3 carriage turbo! What are you playing at - we are not sardines! Should I just be grateful you let people on today unlike yesterday?!","other","0.085","natural","on_board_issue","high","rule: onboard condition","auto-cascade-v1","2026-09-13T13:20:43+00:00","rule","other","rule","y","",""
"751442","@GWRHelp hi are doing anything on Saturday to help people get to Guildford for the University open day given the issues at Reading?","timetable_info","0.112","natural","timetable_info","medium","tfidf moderate match","auto-cascade-v1","2026-09-13T13:20:43+00:00","tfidf-med","timetable_info","tfidf-med","y","",""
"753312","Why am I still waiting for claims for the 2 x void days at the start of July @GWRHelp ?","other","0.094","natural","refund_request","low","weak TF-IDF match; falls outside defined intents","auto-cascade-v1","2026-09-13T13:20:43+00:00","tfidf-low","other","tfidf-low","y","y","refund_request"
"759395","@GWRHelp you've cancelled the 21:27 departure from Oxford to Hanborough, as it now ends at Oxford. Any replacement service?","service_disruption","0.128","natural","service_disruption","high","rule: live cancellation/disruption","auto-cascade-v1","2026-09-13T13:20:43+00:00","rule","service_disruption","rule","y","",""
"782121","@GWRHelp third time this week the seat reservations have been double booked between didcot &amp; Paddington Can you sort this out please.","seat_reservation","0.149","natural","seat_reservation","medium","tfidf moderate match","auto-cascade-v1","2026-09-13T13:20:43+00:00","tfidf-med","seat_reservation","tfidf-med","y","",""
"783612","@GWRHelp Are trains running to Parkway from 1730?","other","0.095","natural","timetable_info","low","weak TF-IDF match; falls outside defined intents","auto-cascade-v1","2026-09-13T13:20:43+00:00","tfidf-low","other","tfidf-low","y","y","timetable_info"
"783626","Service (if you can call it that) as usual on @GWRHelp with no functioning WiFi. They are quite simply inept 😡","other","0.079","natural","on_board_issue","low","weak TF-IDF match; falls outside defined intents","auto-cascade-v1","2026-09-13T13:20:43+00:00","tfidf-low","other","tfidf-low","y","y","on_board_issue"
"785970","@GWRHelp Hi. Just been made aware on train that my return Advance ticket on Sat 14th Pad&gt;Swa has been cancelled by u. Please confirm ASAP I can travel on peak time train on Fri 13th as website indicates instead. Weekend plans ruined!","booking_issue","0.273","targeted:booking_issue","service_disruption","high","rule: live cancellation/disruption","auto-cascade-v1","2026-09-13T13:20:43+00:00","rule","booking_issue","rule","y","",""
"807150","Absolutely awful service again on @GWRHelp . Doorways, aisles and even seats blocked by bikes and suitcases. Wonder what @31439 would say?","other","0.094","natural","on_board_issue","low","weak TF-IDF match; falls outside defined intents","auto-cascade-v1","2026-09-13T13:20:43+00:00","tfidf-low","other","tfidf-low","y","y","on_board_issue"
"810043","standard response @gwrhelp &amp; it’s not your fault (ie the cust serv person reading this) but pls understand we’re asking a specific question https://t.co/xjdYmMnLuF","other","0.053","natural","other","low","weak TF-IDF match; falls outside defined intents","auto-cascade-v1","2026-09-13T13:20:43+00:00","tfidf-low","other","tfidf-low","y","",""
"838857","@GWRHelp hi, will the 0144 Paddington to Maidenhead tonight have a rail replacement service meeting it to continue on to Reading?","other","0.085","natural","timetable_info","low","weak TF-IDF match; falls outside defined intents","auto-cascade-v1","2026-09-13T13:20:43+00:00","tfidf-low","other","tfidf-low","y","y","timetable_info"
"846286",".@GWRHelp Very weird that the ticket I want for tomorrow is just not possible, yet other online companies can do this.","booking_issue","0.105","natural","booking_issue","medium","tfidf moderate match","auto-cascade-v1","2026-09-13T13:20:43+00:00","tfidf-med","booking_issue","tfidf-med","y","",""
"846408","@GWRHelp I booked a ticket ref 9NBJ6T63-I really want to push the outbound journey back to 1.52pm do I really have to pay £20 to do this?","seat_reservation","0.107","natural","booking_issue","medium","tfidf moderate match","auto-cascade-v1","2026-09-13T13:20:43+00:00","tfidf-med","seat_reservation","tfidf-med","y","y","booking_issue"
"853495","@gwrhelp lost a file on the delayed 9am Paddington to Bristol Temple Mead today if anyone has it? Please help. Have reported.","lost_property","0.137","natural","lost_property","high","rule: lost item","auto-cascade-v1","2026-09-13T13:20:43+00:00","rule","lost_property","rule","y","",""
"861973","@gwrhelp yet again travelling between Gloucester and Worcester a nightmare. Early train cancelled this one 25 mins late","service_disruption","0.162","natural","service_disruption","high","rule: live cancellation/disruption","auto-cascade-v1","2026-09-13T13:20:43+00:00","rule","service_disruption","rule","y","",""
"882032","@GWRHelp thanks for packing my train to the rafters, I love wallowing in sweaty pit smell, it's the start to my weekend I needed :)","other","0.084","natural","on_board_issue","high","rule: praise","auto-cascade-v1","2026-09-13T13:20:43+00:00","rule","other","rule","y","y","on_board_issue"
"893366","Poor info service to customers @GWRHelp, waiting 40 min for a train due 2 breakdown, your staff should be guiding customers to alt services","on_board_issue","0.114","natural","on_board_issue","medium","tfidf moderate match","auto-cascade-v1","2026-09-13T13:20:43+00:00","tfidf-med","on_board_issue","tfidf-med","y","",""
"894489","@GWRHelp chaos with the seats on the 09.57 to Bristol Temple Meades. No reservation slips so people thinking they have a seat being asked to move on a packed train and awkward reservation holders needing to ask people to move...","seat_reservation","0.187","natural","seat_reservation","high","rule: onboard condition","auto-cascade-v1","2026-09-13T13:20:43+00:00","rule","seat_reservation","rule","y","y","seat_reservation"
"912814","@GWRHelp Big shout out to Kirk the onboard guard who helped us get our tickets on the 2202 North Camp to Gatwick. #superservice #topbloke","other","0.075","natural","praise_or_chatter","low","weak TF-IDF match; falls outside defined intents","auto-cascade-v1","2026-09-13T13:20:43+00:00","tfidf-low","other","tfidf-low","y","y","praise_or_chatter"
"917820","Thank you @GWRHelp for causing me to miss my connecting train and my appointment and offering no explanation or apology! #poorservice","other","0.098","natural","delay_compensation","high","rule: praise","auto-cascade-v1","2026-09-13T13:20:43+00:00","rule","other","rule","y","y","delay_compensation"
"926351","Buzzing for a day when I  get on a @GWRHelp train and it is on time, realistically this will be never ☺️","timetable_info","0.145","natural","delay_compensation","medium","tfidf moderate match","auto-cascade-v1","2026-09-13T13:20:43+00:00","tfidf-med","timetable_info","tfidf-med","y","y","delay_compensation"
"969655","@GWRHelp Ticket office at Bramley is shut again this morning. What is the plan for Mon 23rd? I need to buy a monthly with 5% discount.","delay_compensation","0.161","natural","other","medium","tfidf moderate match","auto-cascade-v1","2026-09-13T13:20:43+00:00","tfidf-med","delay_compensation","tfidf-med","y","y","other"
"973259","@GWRHelp 21 days for a response to a complaint. Such poor service, seems that customer service is very low priority.","other","0.066","natural","other","low","weak TF-IDF match; falls outside defined intents","auto-cascade-v1","2026-09-13T13:20:43+00:00","tfidf-low","other","tfidf-low","y","",""
"974663","@GWRHelp someone might want to look at your website... no long distance services at Paddington isn't a 'generally good service'! https://t.co/yaku4r4GuH","booking_issue","0.251","targeted:booking_issue","booking_issue","high","rule: website/booking","auto-cascade-v1","2026-09-13T13:20:43+00:00","rule","booking_issue","rule","y","",""
"980096","@GWRHelp Hi, with the Reading to Paddington line closed this weekend can pre booked tickets be used from Waterloo instead?","other","0.098","natural","booking_issue","low","weak TF-IDF match; falls outside defined intents","auto-cascade-v1","2026-09-13T13:20:43+00:00","tfidf-low","other","tfidf-low","y","y","booking_issue"
"982450","@GWRHelp was told to fill this out in order to get a refund, is this correct? https://t.co/xRm5VWYdZR","refund_request","0.457","natural","refund_request","high","rule: explicit refund","auto-cascade-v1","2026-09-13T13:20:43+00:00","rule","refund_request","rule","y","",""
"984031","@GWRHelp Hello, are there any disruptions due to engineering works/rail replacement buses between Twyford and Paddington today please?","refund_request","0.103","natural","service_disruption","high","rule: live cancellation/disruption","auto-cascade-v1","2026-09-13T13:20:43+00:00","rule","refund_request","rule","y","",""
"984924","@GWRHelp I think the 0932 Fareham to bristol could of been a bit larger this morning #noroomatall #leavingpeoplebehind","other","0.064","natural","on_board_issue","low","weak TF-IDF match; falls outside defined intents","auto-cascade-v1","2026-09-13T13:20:43+00:00","tfidf-low","other","tfidf-low","y","y","on_board_issue"
"989094","@GWRHelp on a train from Swindon and Paddington and can’t get a seat, when you pay £50 for a ticket, not good enough 😡😡","seat_reservation","0.155","natural","on_board_issue","medium","tfidf moderate match","auto-cascade-v1","2026-09-13T13:20:43+00:00","tfidf-med","seat_reservation","tfidf-med","y","y","on_board_issue"
"998736","@GWRHelp Help please!? https://t.co/TAbhYDa0rt","lost_property","0.14","natural","lost_property","medium","tfidf moderate match","auto-cascade-v1","2026-09-13T13:20:43+00:00","tfidf-med","lost_property","tfidf-med","y","",""
"1000599","@GWRHelp How far in advance do you release advance fares? Can't find any £15 bristol-london fares at all, regardless of date","other","0.079","natural","booking_issue","low","weak TF-IDF match; falls outside defined intents","auto-cascade-v1","2026-09-13T13:20:43+00:00","tfidf-low","other","tfidf-low","y","y","booking_issue"
"1003234","@GWRHelp is the 18:21 WMN to CDF running?","other","0.049","natural","timetable_info","low","weak TF-IDF match; falls outside defined intents","auto-cascade-v1","2026-09-13T13:20:43+00:00","tfidf-low","other","tfidf-low","y","y","timetable_info"
"1014147","@44464 1928 Didcot - Bristol parkway I can’t sit in my reserved seat, can I get a refund? Heard something on tannoy but didn’t understand!","refund_request","0.273","targeted:seat_reservation","refund_request","high","rule: explicit refund","auto-cascade-v1","2026-09-13T13:20:43+00:00","rule","refund_request","rule","y","",""
"1019111","@GWRHelp i'm travelling from Penryn to Plymouth tomorrow and was wondering if i could take my surfboard on the train, can i do this?","seat_reservation","0.132","natural","other","medium","tfidf moderate match","auto-cascade-v1","2026-09-13T13:20:43+00:00","tfidf-med","seat_reservation","tfidf-med","y","y","other"
"1023370","@GWRHelp we're booked on 16.01 from Exeter to Paddington tomorrow. Can we use tickets on southwest trains?","timetable_info","0.135","natural","booking_issue","medium","tfidf moderate match","auto-cascade-v1","2026-09-13T13:20:43+00:00","tfidf-med","timetable_info","tfidf-med","y","y","booking_issue"
"1034001","@GWRHelp Coukd you confirm if the 07:25 Theale - Lon Pad is delayed as app says it’s cancelled at Frome, delayed and actually on time?","service_disruption","0.162","natural","service_disruption","high","rule: live cancellation/disruption","auto-cascade-v1","2026-09-13T13:20:43+00:00","rule","service_disruption","rule","y","",""
"1034004","@GWRHelp ok - why is my train cancelled? 0626 Chippenham to Padd","service_disruption","0.364","natural","service_disruption","high","rule: live cancellation/disruption","auto-cascade-v1","2026-09-13T13:20:43+00:00","rule","service_disruption","rule","y","",""
"1043949","#GWR must be the worst #rail service in Europe. First train cancelled... next one late, and so full passengers left stranded...@GWRHelp...","service_disruption","0.21","natural","service_disruption","high","rule: live cancellation/disruption","auto-cascade-v1","2026-09-13T13:20:43+00:00","rule","service_disruption","rule","y","",""
"1052825","@GWRHelp Can I upgrade to 1st class on the 1606 PAD-PLY train itself?  If so, how much would it cost?","on_board_issue","0.182","natural","other","medium","tfidf moderate match","auto-cascade-v1","2026-09-13T13:20:43+00:00","tfidf-med","on_board_issue","tfidf-med","y","y","other"
"1061521","Dear @GWRHelp - How many names would it take to make this happen? Thank you in advance, Sam    https://t.co/AmOlpRUwvk","other","0.094","natural","praise_or_chatter","high","rule: praise","auto-cascade-v1","2026-09-13T13:20:43+00:00","rule","other","rule","y","",""
"1073073","@GWRHelp too busy patting themselves on the back over the new trains that don't work properly. GWR are a disgrace.","service_disruption","0.115","natural","other","low","top-2 intents equally close (see sims)","auto-cascade-v1","2026-09-13T13:20:43+00:00","tfidf-ambig","service_disruption","tfidf-ambig","y","y","other"
"1075851","Wanna be a magician? A good magician? Ask for more @GWRHelp. Getting trains to disappear just before arrival, no problem for them, regularly","other","0.065","natural","service_disruption","low","weak TF-IDF match; falls outside defined intents","auto-cascade-v1","2026-09-13T13:20:43+00:00","tfidf-low","other","tfidf-low","y","y","service_disruption"
"1085970","@GWRHelp Got to Paddington at 17:50 and still not in Reading. On a weekend I have to drive to Maidenhead to get train to work instead.","lost_property","0.142","natural","delay_compensation","low","top-2 intents equally close (see sims)","auto-cascade-v1","2026-09-13T13:20:43+00:00","tfidf-ambig","lost_property","tfidf-ambig","y","y","delay_compensation"
"1088169","@GWRHelp what's happening with the 1904 Westbury to Salisbury train?Conflicting info online..cancelled or delayed?Reason??","service_disruption","0.191","natural","service_disruption","high","rule: live cancellation/disruption","auto-cascade-v1","2026-09-13T13:20:43+00:00","rule","service_disruption","rule","y","",""
"1096341","@GWRHelp - thank you for holding the 21.31 from Exeter St Davids to Exmouth tonight to wait for the late running London train 😇","timetable_info","0.123","natural","praise_or_chatter","high","rule: praise","auto-cascade-v1","2026-09-13T13:20:43+00:00","rule","timetable_info","rule","y","",""
"1113132","More excited that I should be about being on a @GWRHelp direct train Bristol to Oxford right now. Not changing at Didcot is a dream. https://t.co/yAWmX46UpJ","service_disruption","0.101","natural","praise_or_chatter","low","top-2 intents equally close (see sims)","auto-cascade-v1","2026-09-13T13:20:43+00:00","tfidf-ambig","service_disruption","tfidf-ambig","y","y","praise_or_chatter"
"1118351","13Oct @GWRHelp 0958Malvern-London CANCELLED again! 1236-London CANCELLED 1251-Weymouth DELAYED by another GWR train what's GREAT about that?","service_disruption","0.23","natural","service_disruption","high","rule: live cancellation/disruption","auto-cascade-v1","2026-09-13T13:20:43+00:00","rule","service_disruption","rule","y","",""
"1122469","Hey @GWRHelp why the delay on Chippenham to Bristol this morning?","other","0.09","natural","delay_compensation","low","weak TF-IDF match; falls outside defined intents","auto-cascade-v1","2026-09-13T13:20:43+00:00","tfidf-low","other","tfidf-low","y","y","delay_compensation"
"1127455","@GWRHelp I'm on 1500 Swindon to Oxford, arriving 1540. Have you arranged with @140497 so we can change on to 1541 to Marylebone?","other","0.061","natural","timetable_info","low","weak TF-IDF match; falls outside defined intents","auto-cascade-v1","2026-09-13T13:20:43+00:00","tfidf-low","other","tfidf-low","y","y","timetable_info"
"1135396","@GWRHelp baffled that this train is unable to provide any form of heat 😩","other","0.086","natural","on_board_issue","low","weak TF-IDF match; falls outside defined intents","auto-cascade-v1","2026-09-13T13:20:43+00:00","tfidf-low","other","tfidf-low","y","y","on_board_issue"
"1138612","@GWRHelp thanks for making pir journey more of a joke. 1.5 hour from PAD to BRI was 3 now a 4 hour journey because you don't have the crew!","on_board_issue","0.113","natural","delay_compensation","high","rule: praise","auto-cascade-v1","2026-09-13T13:20:43+00:00","rule","on_board_issue","rule","y","y","delay_compensation"
"1158455","@GWRHelp Looking to book a journey on your website, but am unable to get any route details: https://t.co/Yhvn5iLAdI","booking_issue","0.38","natural","booking_issue","high","rule: website/booking","auto-cascade-v1","2026-09-13T13:20:43+00:00","rule","booking_issue","rule","y","",""
"1167521","@115793 is there any way to contact Bristol temple meads to ask if they have a bag I left on a train. Ive registered it as lost already","lost_property","0.205","natural","lost_property","high","rule: lost item","auto-cascade-v1","2026-09-13T13:20:43+00:00","rule","lost_property","rule","y","",""
"1177214","@GWRHelp we were told specifically at Taunton station that we couldn't travel on a different train, now we've just seen this on your website https://t.co/CSq3Dhx54i","booking_issue","0.227","natural","booking_issue","high","rule: website/booking","auto-cascade-v1","2026-09-13T13:20:43+00:00","rule","booking_issue","rule","y","",""
"1188793","@GWRHelp 0644 TWY-PAD late and getting later. We are hardly moving. No info from driver. Can you enlighten? #gwr","other","0.089","natural","delay_compensation","low","weak TF-IDF match; falls outside defined intents","auto-cascade-v1","2026-09-13T13:20:43+00:00","tfidf-low","other","tfidf-low","y","y","delay_compensation"
"1203047","@GWRHelp 4 days ago your train manager charged me for a ticket in error, he then made a refund which is still not in my account, how long?","refund_request","0.36","targeted:refund_request","refund_request","high","rule: explicit refund","auto-cascade-v1","2026-09-13T13:20:43+00:00","rule","refund_request","rule","y","",""
"1204620","@GWRHelp Cheers for the yet another screw up getting into work","other","0.054","natural","delay_compensation","high","rule: praise","auto-cascade-v1","2026-09-13T13:20:43+00:00","rule","other","rule","y","y","delay_compensation"
"1208104","Love a delayed train 🤔 @GWRHelp","delay_compensation","0.172","natural","delay_compensation","medium","tfidf moderate match","auto-cascade-v1","2026-09-13T13:20:43+00:00","tfidf-med","delay_compensation","tfidf-med","y","",""
"1209650","@GWRHelp one ticket machine at Burnham station? Come on bruv sort it out","other","0.081","natural","other","low","weak TF-IDF match; falls outside defined intents","auto-cascade-v1","2026-09-13T13:20:43+00:00","tfidf-low","other","tfidf-low","y","",""
"1232560","@gwrhelp are trains running Oxford to slough on 4 Nov? What engineering works will affect trains. I find the PDF on your website inscrutable","booking_issue","0.222","targeted:booking_issue","service_disruption","high","rule: live cancellation/disruption","auto-cascade-v1","2026-09-13T13:20:43+00:00","rule","booking_issue","rule","y","",""
"1251026","Here at Bristol for the @GWRHelp 0600 to Padd. The first public run of @154173 IEP Class 800s. https://t.co/QUyRE0tVs1","other","0.062","natural","praise_or_chatter","low","weak TF-IDF match; falls outside defined intents","auto-cascade-v1","2026-09-13T13:20:43+00:00","tfidf-low","other","tfidf-low","y","y","praise_or_chatter"
"1253988","@GWRHelp what happened to the 1937 bath spa to fareham? Feeling cold and miserable ☹","praise_or_chatter","0.132","natural","service_disruption","medium","tfidf moderate match","auto-cascade-v1","2026-09-13T13:20:43+00:00","tfidf-med","praise_or_chatter","tfidf-med","y","y","service_disruption"
"1254004","@GWRHelp what's the next train from Warminster to Salisbury? One delayed and one cancelled...","service_disruption","0.27","natural","service_disruption","high","rule: live cancellation/disruption","auto-cascade-v1","2026-09-13T13:20:43+00:00","rule","service_disruption","rule","y","",""
"1259448","My first experience last night on an @GWRHelp new electric train (PAD-Reading) was a comfortable and speedy one! #GWRNewTrains https://t.co/Phkap2r99e","lost_property","0.108","natural","praise_or_chatter","low","top-2 intents equally close (see sims)","auto-cascade-v1","2026-09-13T13:20:43+00:00","tfidf-ambig","lost_property","tfidf-ambig","y","y","praise_or_chatter"
"1264161","@GWRHelp thanks for cancelling the Clifton - BTM train without warning, not like people rely on you or anything! £££ on a taxi great 😶","on_board_issue","0.117","natural","service_disruption","high","rule: praise","auto-cascade-v1","2026-09-13T13:20:43+00:00","rule","on_board_issue","rule","y","y","service_disruption"
"1267063","@GWRHelp is there a schedule for the new train running? I'm in &amp; out of Paddington today so it'd be cool to catch it","timetable_info","0.147","natural","timetable_info","medium","tfidf moderate match","auto-cascade-v1","2026-09-13T13:20:43+00:00","tfidf-med","timetable_info","tfidf-med","y","",""
"1267080","On board Coach K of @GWRHelp 800006. https://t.co/fYDADGzpKz","seat_reservation","0.335","targeted:seat_reservation","seat_reservation","high","rule: seat reservation","auto-cascade-v1","2026-09-13T13:20:43+00:00","rule","seat_reservation","rule","y","",""
"1275555","@GWRHelp hi I'm getting 19:12 train to Swansea from Paddington are you expecting this train to be busy?","timetable_info","0.163","natural","timetable_info","medium","tfidf moderate match","auto-cascade-v1","2026-09-13T13:20:43+00:00","tfidf-med","timetable_info","tfidf-med","y","",""
"1280303","@GWRHelp any insight into why the 17.36 P’ton to M’head is delayed. The amount of info received thus far is overwhelming.","lost_property","0.106","natural","delay_compensation","medium","tfidf moderate match","auto-cascade-v1","2026-09-13T13:20:43+00:00","tfidf-med","lost_property","tfidf-med","y","y","delay_compensation"
"1290684","@GWRHelp My coat is in your  lost property at Temple Meads.I live near London.Why can't you put it on a train and send to Paddington?","delay_compensation","0.146","targeted:lost_property","lost_property","high","rule: lost item","auto-cascade-v1","2026-09-13T13:20:43+00:00","rule","delay_compensation","rule","y","",""
"1300309","@GWRHelp Hi,can you please confirm if the 1237 Roche to Newquay is running on Sat Nov. 4th &amp; the 1112 Newquay to Par on Sun Nov. 5th thanks!","timetable_info","0.127","natural","timetable_info","high","rule: praise","auto-cascade-v1","2026-09-13T13:20:43+00:00","rule","timetable_info","rule","y","y","timetable_info"
"1313747","@GWRHelp Frustrating and unprecedented inconvenience f customers that pay such significant amounts t your company &amp; receive this service 2/2","other","0.071","natural","other","low","weak TF-IDF match; falls outside defined intents","auto-cascade-v1","2026-09-13T13:20:43+00:00","tfidf-low","other","tfidf-low","y","",""
"1315205","@GWRHelp every day 0802 from Maidenhead to Paddington leaves late &amp; arrives even later. What's excuse for this one? Will it ever improve?","other","0.065","natural","delay_compensation","low","weak TF-IDF match; falls outside defined intents","auto-cascade-v1","2026-09-13T13:20:43+00:00","tfidf-low","other","tfidf-low","y","y","delay_compensation"
"1317126","@GWRHelp I’m on the (late) 8:24 from Bristol to Cardiff. Can you confirm it’s stopping at Filton? The onboard messages say it’s not.","other","0.07","natural","timetable_info","low","weak TF-IDF match; falls outside defined intents","auto-cascade-v1","2026-09-13T13:20:43+00:00","tfidf-low","other","tfidf-low","y","y","timetable_info"
"1320194","Hi @GWRHelp coach B seems to be missing from 9:45 to Bristol parkway. Quite a shame as I - and a fair few others - have seats booked on it!","seat_reservation","0.325","targeted:seat_reservation","seat_reservation","high","rule: seat reservation","auto-cascade-v1","2026-09-13T13:20:43+00:00","rule","seat_reservation","rule","y","",""
"1334779","@GWRHelp 1500 to Bristol ready nice and early. It’s the weekend!!","other","0.076","natural","other","low","weak TF-IDF match; falls outside defined intents","auto-cascade-v1","2026-09-13T13:20:43+00:00","tfidf-low","other","tfidf-low","y","",""
"1346119","@GWRHelp hi, do you have a sleeper train from Pad to PZ next Thurs please???","timetable_info","0.1","natural","ambiguous","low","top-2 intents equally close (see sims)","auto-cascade-v1","2026-09-13T13:20:43+00:00","tfidf-ambig","timetable_info","tfidf-ambig","y","",""
"1370635","Thank so much @GWRHelp spent £100 for 3 hour delays, being crushed against a wall, being on a train so packed that somebody fainted, I need my money back #sortitout https://t.co/pqO6NEpPR3","other","0.099","targeted:refund_request","refund_request","high","rule: explicit refund","auto-cascade-v1","2026-09-13T13:20:43+00:00","rule","other","rule","y","",""
"1372247","@GWRHelp guard on the 15.32 North Camp to Redhill. Brilliant service 👏👏","other","0.055","natural","praise_or_chatter","high","rule: praise","auto-cascade-v1","2026-09-13T13:20:43+00:00","rule","other","rule","y","",""
"1372250","@GWRhelp I'm supposed to be on a fast train, 12.56 from Ply to Padd. Why are we crawling? #alreadylate","timetable_info","0.108","natural","delay_compensation","medium","tfidf moderate match","auto-cascade-v1","2026-09-13T13:20:43+00:00","tfidf-med","timetable_info","tfidf-med","y","y","delay_compensation"
"1381687","Nearly made it home to Cornwall on the sleeper train. I'll miss my little cabin. @GWRHelp #NightShift #Trainspotting #Cornwall","other","0.068","natural","praise_or_chatter","low","weak TF-IDF match; falls outside defined intents","auto-cascade-v1","2026-09-13T13:20:43+00:00","tfidf-low","other","tfidf-low","y","y","praise_or_chatter"
"1400988","@441906 @58398 that's how we want to see us play , awesome second half team performance , happy trip back to Cornwall now on @GWRHelp","other","0.041","natural","praise_or_chatter","low","weak TF-IDF match; falls outside defined intents","auto-cascade-v1","2026-09-13T13:20:43+00:00","tfidf-low","other","tfidf-low","y","y","praise_or_chatter"
"1434588","@GWRHelp: Can I get a reservation on this afternoon’s 16:45 from RDG to PAD please. Reservations closing in nine mins...thanks!","other","0.093","natural","seat_reservation","high","rule: praise","auto-cascade-v1","2026-09-13T13:20:43+00:00","rule","other","rule","y","y","seat_reservation"
"1440006","Really not happy. Lost/stolen train tickets at Exeter St David’s this morning. Have proof of purchase. @GWRHelp say must buy new ones.","lost_property","0.217","natural","lost_property","high","tfidf strong match","auto-cascade-v1","2026-09-13T13:20:43+00:00","tfidf-high","lost_property","tfidf-high","y","",""
"1442813","How have I been waiting 11 weeks for my ticket refund for a delayed journey?! @GWRHelp","refund_request","0.408","targeted:refund_request","refund_request","high","rule: explicit refund","auto-cascade-v1","2026-09-13T13:20:43+00:00","rule","refund_request","rule","y","",""
"1461283","@GWRHelp I hope you guys can help me I just got off the train to Penzance at reading station and I stupidly left my bag in the luggage eat. It say Hampton court flower show 2017, has my shoes and cardigan in it. If you can retrieve this please let me know how I can get it back?","lost_property","0.222","targeted:lost_property","lost_property","high","rule: lost item","auto-cascade-v1","2026-09-13T13:20:43+00:00","rule","lost_property","rule","y","",""
"1475147","OMG I saw the new @GWRHelp intercity in normal service on my way into London. Ahhh so exciting and awesome! They look so prettyyyy","other","0.084","natural","praise_or_chatter","low","weak TF-IDF match; falls outside defined intents","auto-cascade-v1","2026-09-13T13:20:43+00:00","tfidf-low","other","tfidf-low","y","y","praise_or_chatter"
"1480619","@GWRHelp the 7.35 FFord to BTM was 4 carriages and on time. You remove 2 at Westbury, now 2 carriages and late plus reduced service?","on_board_issue","0.124","natural","on_board_issue","medium","tfidf moderate match","auto-cascade-v1","2026-09-13T13:20:43+00:00","tfidf-med","on_board_issue","tfidf-med","y","",""
"1502574","@GWRHelp hi please can you confirm the booking horizon for advance tickets as National fail is showing November","booking_issue","0.173","natural","booking_issue","medium","tfidf moderate match","auto-cascade-v1","2026-09-13T13:20:43+00:00","tfidf-med","booking_issue","tfidf-med","y","",""
"1510232","@GWRHelp I reserved a facing seat and yet again travelling backwards!","seat_reservation","0.18","natural","seat_reservation","medium","tfidf moderate match","auto-cascade-v1","2026-09-13T13:20:43+00:00","tfidf-med","seat_reservation","tfidf-med","y","",""
"1512592","@GWRHelp Hi, please could you confirm if any advance tickets will be available from Paddington to Plymouth on 23 Dec? Thanks","other","0.086","natural","booking_issue","high","rule: praise","auto-cascade-v1","2026-09-13T13:20:43+00:00","rule","other","rule","y","y","booking_issue"
"1517494","@GWRHelp since I got no answer last time, are reservations available for Sat 23 Dec?","other","0.094","natural","booking_issue","low","weak TF-IDF match; falls outside defined intents","auto-cascade-v1","2026-09-13T13:20:43+00:00","tfidf-low","other","tfidf-low","y","y","booking_issue"
"1520792","@GWRHelp hey what’s up with the 5:03 from Gatwick to Reading. Just says “Delayed”.","other","0.086","natural","service_disruption","low","weak TF-IDF match; falls outside defined intents","auto-cascade-v1","2026-09-13T13:20:43+00:00","tfidf-low","other","tfidf-low","y","y","service_disruption"
"1546932","@GWRHelp I've left a leaving card with a voucher for a meal on your 23.42 out of Paddington to Oxford. I got off at Maidenhead","lost_property","0.225","targeted:lost_property","lost_property","high","rule: lost item","auto-cascade-v1","2026-09-13T13:20:43+00:00","rule","lost_property","rule","y","",""
"1561409","@GWRHelp Morning, is the HRW Connect service running as normal today? Aiming to catch 12.11 West Ealing to Paddington later if poss. Cheers","other","0.099","natural","praise_or_chatter","high","rule: praise","auto-cascade-v1","2026-09-13T13:20:43+00:00","rule","other","rule","y","",""
"1561735","The Cardiff City fans have left the train in a state! But don’t worry guys. I tidied up @GWRHelp https://t.co/NBN189YqY0","lost_property","0.187","targeted:lost_property","praise_or_chatter","medium","tfidf moderate match","auto-cascade-v1","2026-09-13T13:20:43+00:00","tfidf-med","lost_property","tfidf-med","y","y","praise_or_chatter"
"1566584","loving the new trains @GWRHelp - even smells new! 😍 https://t.co/A8Gfdj9AN1","timetable_info","0.107","natural","praise_or_chatter","medium","tfidf moderate match","auto-cascade-v1","2026-09-13T13:20:43+00:00","tfidf-med","timetable_info","tfidf-med","y","y","praise_or_chatter"
"1570667","Cannot quite believe that I’m being forced to proceed with legal action to get a failed refund from @GWRHelp, terrible customer service","refund_request","0.328","targeted:refund_request","refund_request","high","rule: explicit refund","auto-cascade-v1","2026-09-13T13:20:43+00:00","rule","refund_request","rule","y","",""
"1574133","hi @GWRHelp is there another way I can buy some advance tickets today you're website doesn't seem to be working","booking_issue","0.301","targeted:booking_issue","booking_issue","high","tfidf strong match","auto-cascade-v1","2026-09-13T13:20:43+00:00","tfidf-high","booking_issue","tfidf-high","y","",""
"1589742","@GWRHelp Hi, I’m trying to book a train with nectar points. The website is a bit of a mess, won’t allow me to select ticket. Can I call? https://t.co/W92VA0d2bC","booking_issue","0.448","targeted:booking_issue","booking_issue","high","rule: website/booking","auto-cascade-v1","2026-09-13T13:20:43+00:00","rule","booking_issue","rule","y","",""
"1590217","@GWRHelp been waiting for a train from Oldfield Park to Fulton AW since 8.25 no trains and no information! Can anyone tell us anything??","refund_request","0.112","natural","service_disruption","high","rule: live cancellation/disruption","auto-cascade-v1","2026-09-13T13:20:43+00:00","rule","refund_request","rule","y","",""
"1600627","Oo new @GWRHelp Train this morning from didcot @154173 looking good! #train #tech Kept my raincoat on in case though... #toosoon? https://t.co/A4JUOsjgVM","timetable_info","0.114","natural","praise_or_chatter","low","top-2 intents equally close (see sims)","auto-cascade-v1","2026-09-13T13:20:43+00:00","tfidf-ambig","timetable_info","tfidf-ambig","y","y","praise_or_chatter"
"1609530","Awesome member of staff at North Camp Station! Always going the extra mile for the customer! @GWRHelp @121203","praise_or_chatter","0.125","natural","praise_or_chatter","medium","tfidf moderate match","auto-cascade-v1","2026-09-13T13:20:43+00:00","tfidf-med","praise_or_chatter","tfidf-med","y","",""
"1609855","Wifi ✔
Sockets ✔
@GWRHelp might just be my favourite train company.","timetable_info","0.147","natural","praise_or_chatter","low","top-2 intents equally close (see sims)","auto-cascade-v1","2026-09-13T13:20:43+00:00","tfidf-ambig","timetable_info","tfidf-ambig","y","y","praise_or_chatter"
"1611593","@GWRHelp good customer service but why do I have to phone &amp; hold for 10 mins to get the seat reservation I want? Online booking doesn't work","seat_reservation","0.157","targeted:seat_reservation","seat_reservation","high","rule: seat reservation","auto-cascade-v1","2026-09-13T13:20:43+00:00","rule","seat_reservation","rule","y","",""
"1619919","@GWRHelp standing to London from Chipp need 30min trains on a Sun not acceptable! #paygoodmoneyforthis https://t.co/vQESZ12o9W","on_board_issue","0.164","natural","on_board_issue","medium","tfidf moderate match","auto-cascade-v1","2026-09-13T13:20:43+00:00","tfidf-med","on_board_issue","tfidf-med","y","",""
"1619927","@GWRHelp lovely weekend away ruined right at the end by your TERRIBLE SERVICE. train from bath to Paddington-standing for the whole thing?!","service_disruption","0.13","natural","on_board_issue","low","top-2 intents equally close (see sims)","auto-cascade-v1","2026-09-13T13:20:43+00:00","tfidf-ambig","service_disruption","tfidf-ambig","y","y","on_board_issue"
"1628119","@GWRHelp I reserved seats on the 15:16 from Kingham to London. We were given seats in coach C. Train arrives and it has 2 carriages. Explain","seat_reservation","0.394","targeted:seat_reservation","seat_reservation","high","rule: seat reservation","auto-cascade-v1","2026-09-13T13:20:43+00:00","rule","seat_reservation","rule","y","",""
"1631021","@GWRHelp when are advance Xmas tickets on sale? Website says end of Oct... not long left for you to release...!","booking_issue","0.273","targeted:booking_issue","booking_issue","high","tfidf strong match","auto-cascade-v1","2026-09-13T13:20:43+00:00","tfidf-high","booking_issue","tfidf-high","y","",""
"1632209","@GWRHelp Can you tell me the freepost for Refunds and Claims for compensation please?","delay_compensation","0.239","natural","delay_compensation","high","tfidf strong match","auto-cascade-v1","2026-09-13T13:20:43+00:00","tfidf-high","delay_compensation","tfidf-high","y","",""
"1638291","Pay so much money for trains and @GWRHelp don't bother with reservations and put a 2 coach train from Cardiff to Portsmouth. Fab👍","seat_reservation","0.289","natural","seat_reservation","high","tfidf strong match","auto-cascade-v1","2026-09-13T13:20:43+00:00","tfidf-high","seat_reservation","tfidf-high","y","",""
"1661699","Every week! every week! @GWRHelp your trains are late in North Camp to reading fed up","other","0.081","natural","delay_compensation","low","weak TF-IDF match; falls outside defined intents","auto-cascade-v1","2026-09-13T13:20:43+00:00","tfidf-low","other","tfidf-low","y","y","delay_compensation"
"1664203","@nationalrailenq is bristol parkway station open on friday as i’m travelling to sheffield using @GWRHelp &amp; @121428","service_disruption","0.108","natural","service_disruption","medium","tfidf moderate match","auto-cascade-v1","2026-09-13T13:20:43+00:00","tfidf-med","service_disruption","tfidf-med","y","",""
"1673776","@GWRHelp is the 16.15 going to leave Paddington soon or should we get off and on a different train to reading","timetable_info","0.212","natural","timetable_info","high","tfidf strong match","auto-cascade-v1","2026-09-13T13:20:43+00:00","tfidf-high","timetable_info","tfidf-high","y","",""
"1688158","@GWRHelp I'm stranded @68008 wanting to go home to SVB - there are no bus operators to SVB - help?","other","0.099","natural","other","low","weak TF-IDF match; falls outside defined intents","auto-cascade-v1","2026-09-13T13:20:43+00:00","tfidf-low","other","tfidf-low","y","",""
"1690006","@GWRHelp hi, I'm waiting for a cheque to arrive from you. Could you let me know if it has been sent yet? I have a reference number.","refund_request","0.103","natural","refund_request","medium","tfidf moderate match","auto-cascade-v1","2026-09-13T13:20:43+00:00","tfidf-med","refund_request","tfidf-med","y","",""
"1696393","@GWRHelp Why are there only 2 carriages on 17:54 Bris-Cardiff? Overcrowding is ridiculous (but not at all unexpected)","lost_property","0.103","natural","on_board_issue","low","top-2 intents equally close (see sims)","auto-cascade-v1","2026-09-13T13:20:43+00:00","tfidf-ambig","lost_property","tfidf-ambig","y","y","on_board_issue"
"1711240","@GWRHelp 5:30pm on a Friday Reading to Gatwick. 2 coaches....really? https://t.co/w2O4jSuDTL","other","0.049","natural","on_board_issue","low","weak TF-IDF match; falls outside defined intents","auto-cascade-v1","2026-09-13T13:20:43+00:00","tfidf-low","other","tfidf-low","y","y","on_board_issue"
"1728420","@GWRHelp I contacted you in Sept asking for a refund for incorrectly sold tickets. U wrote to me asking to send original tix, yet no reply?","refund_request","0.487","targeted:refund_request","refund_request","high","rule: explicit refund","auto-cascade-v1","2026-09-13T13:20:43+00:00","rule","refund_request","rule","y","",""
"1751300","@GWRHelp @nationalrailenq @132078  Who is responsible for maintaining street lighting at pedestrian crossing Hunts Ground entrance to BPW?","other","0.0","natural","other","low","weak TF-IDF match; falls outside defined intents","auto-cascade-v1","2026-09-13T13:20:43+00:00","tfidf-low","other","tfidf-low","y","",""
"1786857","@GWRHelp is there some sort of route for official complaints about service? 16.22 from Bristol TM is a joke.","other","0.087","natural","other","low","weak TF-IDF match; falls outside defined intents","auto-cascade-v1","2026-09-13T13:20:43+00:00","tfidf-low","other","tfidf-low","y","",""
"1788180","Kudos to @GWRHelp we seem to be getting 4 carriages on the 17:10 from Filton, at least to Westbury. A lot less overcrowded.","on_board_issue","0.117","natural","on_board_issue","medium","tfidf moderate match","auto-cascade-v1","2026-09-13T13:20:43+00:00","tfidf-med","on_board_issue","tfidf-med","y","",""
"1794275","@GWRHelp Was travelling from Evesham to Lndn Pad this morning, your train terminated in Oxford and I missed my flight to compete in France!?","lost_property","0.12","natural","service_disruption","low","top-2 intents equally close (see sims)","auto-cascade-v1","2026-09-13T13:20:43+00:00","tfidf-ambig","lost_property","tfidf-ambig","y","y","service_disruption"
"1801260","@GWRHelp hi , whats happened to your 8 am Cardiff to Tainton service over last few days?  is it still running?","timetable_info","0.111","natural","timetable_info","medium","tfidf moderate match","auto-cascade-v1","2026-09-13T13:20:43+00:00","tfidf-med","timetable_info","tfidf-med","y","",""
"1806831","@GWRHelp is the 9.42 Oxford Marlybone train being held to wait for the late Bristol train please.","delay_compensation","0.139","natural","timetable_info","low","top-2 intents equally close (see sims)","auto-cascade-v1","2026-09-13T13:20:43+00:00","tfidf-ambig","delay_compensation","tfidf-ambig","y","y","timetable_info"
"1807214","@GWRHelp hello, have had to book a coach to ensure I get back in time. How do I get refund for booked train journey from Padd to Glos?","seat_reservation","0.266","targeted:refund_request","refund_request","high","rule: explicit refund","auto-cascade-v1","2026-09-13T13:20:43+00:00","rule","seat_reservation","rule","y","",""
"1817604","@GWRHelp Morning! Have you a page listing any problems caused by #Ophelia? D'you expect disruption on the SW main line, as forecasts say? Tx","other","0.048","natural","service_disruption","low","weak TF-IDF match; falls outside defined intents","auto-cascade-v1","2026-09-13T13:20:43+00:00","tfidf-low","other","tfidf-low","y","y","service_disruption"
"1819317","Dear @GWRHelp your website says there are no tickets for any trains on Thursday Cardiff-London. Is your site acting up again?","booking_issue","0.349","targeted:booking_issue","booking_issue","high","rule: website/booking","auto-cascade-v1","2026-09-13T13:20:43+00:00","rule","booking_issue","rule","y","",""
"1827111","@GWRHelp Well I've just arrived at work in Bath Spa - one and a half hours late!!! I had to get a train to Chippenham and a lift via car!","praise_or_chatter","0.104","natural","delay_compensation","low","top-2 intents equally close (see sims)","auto-cascade-v1","2026-09-13T13:20:43+00:00","tfidf-ambig","praise_or_chatter","tfidf-ambig","y","y","delay_compensation"
"1839149","@GWRHelp why have you split 1st class on your new train. I get on and there are no seats -have to “chance” walking through the whole train?","on_board_issue","0.175","targeted:on_board_issue","on_board_issue","medium","tfidf moderate match","auto-cascade-v1","2026-09-13T13:20:43+00:00","tfidf-med","on_board_issue","tfidf-med","y","",""
"1841160","@GWRHelp Standing from Swindon to Paddington this morning. Most seats reserved for one-off travellers what about season ticket holders?? https://t.co/SL5P96btxl","seat_reservation","0.289","natural","seat_reservation","high","tfidf strong match","auto-cascade-v1","2026-09-13T13:20:43+00:00","tfidf-high","seat_reservation","tfidf-high","y","",""
"1846835","@GWRHelp - shambolic trip on 7.15 pm train to Cdf   -  probably  standing all the way despite booked  seat -  this rubbish cost over £70 . https://t.co/X5TF49GzR6","on_board_issue","0.185","natural","on_board_issue","medium","tfidf moderate match","auto-cascade-v1","2026-09-13T13:20:43+00:00","tfidf-med","on_board_issue","tfidf-med","y","",""
"1854472","@GWRhelp why is there only three train cars on the 1742 Maidenhead to Paddington!! To many people in the train already?????","timetable_info","0.177","natural","on_board_issue","medium","tfidf moderate match","auto-cascade-v1","2026-09-13T13:20:43+00:00","tfidf-med","timetable_info","tfidf-med","y","y","on_board_issue"
"1854871","Train from Newbury to Maidenhead absolutely rammed as usual. 3 carriages not enough ! ! @GWRHelp","on_board_issue","0.104","natural","on_board_issue","medium","tfidf moderate match","auto-cascade-v1","2026-09-13T13:20:43+00:00","tfidf-med","on_board_issue","tfidf-med","y","",""
"1855474",".@GWRHelp loads of people stood up but not allowed to access empty first class seats. Why don't you put passengers first &amp; #scrapfirstclass? https://t.co/r5GVXRnOgJ","seat_reservation","0.114","natural","on_board_issue","medium","tfidf moderate match","auto-cascade-v1","2026-09-13T13:20:43+00:00","tfidf-med","seat_reservation","tfidf-med","y","y","on_board_issue"
"1855740","@GWRHelp 
been waiting here since 7.50 for the 8.03 train to get into college.. it’s 8.32 and still no sign? with lots of kids also waiting","refund_request","0.174","natural","delay_compensation","medium","tfidf moderate match","auto-cascade-v1","2026-09-13T13:20:43+00:00","tfidf-med","refund_request","tfidf-med","y","y","delay_compensation"
"1855956","Good work @GWRHelp a penalty fare fine for your first customers on the train. Buy a ticket and spend £3.15 instead of £20.00!!! 😂","delay_compensation","0.172","natural","other","medium","tfidf moderate match","auto-cascade-v1","2026-09-13T13:20:43+00:00","tfidf-med","delay_compensation","tfidf-med","y","y","other"
"1873942","@GWRHelp 06:26 Blackwater to Guildford late every day this week missed connection 0653 Guildford to London Waterloo three times! 😤😤","delay_compensation","0.15","natural","delay_compensation","medium","tfidf moderate match","auto-cascade-v1","2026-09-13T13:20:43+00:00","tfidf-med","delay_compensation","tfidf-med","y","",""
"1880222","@GWRHelp train manager on 1713 DIG-EXD is great - cheery and funny 😊","other","0.09","natural","praise_or_chatter","low","weak TF-IDF match; falls outside defined intents","auto-cascade-v1","2026-09-13T13:20:43+00:00","tfidf-low","other","tfidf-low","y","y","praise_or_chatter"
"1884566","@GWRHelp - still waiting for 4 days for seat reservation confirmation - doesn't help for over-crowded peak-hours. please resolve soonest.","seat_reservation","0.171","natural","seat_reservation","high","rule: seat reservation","auto-cascade-v1","2026-09-13T13:20:43+00:00","rule","seat_reservation","rule","y","",""
"1897157","@GWRHelp how to get a ticket when station closed and ticket machine out of order. Trying to get from burnham to Reading @329647","booking_issue","0.149","natural","booking_issue","medium","tfidf moderate match","auto-cascade-v1","2026-09-13T13:20:43+00:00","tfidf-med","booking_issue","tfidf-med","y","",""
"1904787","@GWRHelp @120244 Morning. Are any additional trains being put on between Cardiff and Swansea on Sat night for the boxing?","other","0.089","natural","timetable_info","low","weak TF-IDF match; falls outside defined intents","auto-cascade-v1","2026-09-13T13:20:43+00:00","tfidf-low","other","tfidf-low","y","y","timetable_info"
"1914968","@GWRHelp impolite member of staff on platform 4 at Gloucester station, do all of your staff receive customer service training or?","praise_or_chatter","0.152","natural","on_board_issue","medium","tfidf moderate match","auto-cascade-v1","2026-09-13T13:20:43+00:00","tfidf-med","praise_or_chatter","tfidf-med","y","y","on_board_issue"
"1936233","Thanks to @GWRHelp cancelling CDF-BRI train, no trains back to Newport for over 1 hour. Do @542104 @121203 really think that's ok?","service_disruption","0.106","natural","service_disruption","high","rule: live cancellation/disruption","auto-cascade-v1","2026-09-13T13:20:43+00:00","rule","service_disruption","rule","y","",""
"1939900","@GWRHelp 18.16 from Reading to Maidenhead, still sat at Reading, no information as to why","timetable_info","0.105","natural","delay_compensation","medium","tfidf moderate match","auto-cascade-v1","2026-09-13T13:20:43+00:00","tfidf-med","timetable_info","tfidf-med","y","y","delay_compensation"
"1940666","@GWRHelp 5:30 from Paddington to Swindon delayed, will connecting train 6:43 to Glos be held as next one is cancelled so last for tonight","service_disruption","0.171","natural","service_disruption","high","rule: live cancellation/disruption","auto-cascade-v1","2026-09-13T13:20:43+00:00","rule","service_disruption","rule","y","",""
"1945608","Oh &amp; thanks for charging £1.70 for the joy of walking into, looking at the board &amp; walking out of the station! @TfL @115793 @GWRHelp","other","0.088","natural","other","high","rule: praise","auto-cascade-v1","2026-09-13T13:20:43+00:00","rule","other","rule","y","y","other"
"1952687","@GWRHelp it is half-term. A carriage is missing on the 2.04 paddington service. How is that possible! So many people standing! Refund?","refund_request","0.336","targeted:refund_request","refund_request","high","rule: explicit refund","auto-cascade-v1","2026-09-13T13:20:43+00:00","rule","refund_request","rule","y","",""
"1958313","On a @GWRHelp train from Exeter to Exmouth and it is 'sitting in the overhead baggage' only. 
Those two price increases this year went well","timetable_info","0.152","natural","timetable_info","medium","tfidf moderate match","auto-cascade-v1","2026-09-13T13:20:43+00:00","tfidf-med","timetable_info","tfidf-med","y","",""
"1960303","@GWRHelp any estimate of when services will resume around NBY? 20:10 from TVP to PAD been stuck at PEW a while now. Facing a late night!","other","0.093","natural","service_disruption","low","weak TF-IDF match; falls outside defined intents","auto-cascade-v1","2026-09-13T13:20:43+00:00","tfidf-low","other","tfidf-low","y","y","service_disruption"
"1966299","@GWRHelp Do you deliberately reduce the carriages on the Cardiff to BTM route in the morning?? Absolutely appalling service once again","other","0.085","natural","on_board_issue","low","weak TF-IDF match; falls outside defined intents","auto-cascade-v1","2026-09-13T13:20:43+00:00","tfidf-low","other","tfidf-low","y","y","on_board_issue"
"1966804","@GWRHelp hello...is llanelli station still closed?","other","0.086","natural","timetable_info","low","weak TF-IDF match; falls outside defined intents","auto-cascade-v1","2026-09-13T13:20:43+00:00","tfidf-low","other","tfidf-low","y","y","timetable_info"
"1972615","@GWRHelp it was late, short formed and standing room only. When is this service going to run normally with 5 cars ? https://t.co/jbriCb6xLN","on_board_issue","0.191","targeted:on_board_issue","on_board_issue","high","rule: onboard condition","auto-cascade-v1","2026-09-13T13:20:43+00:00","rule","on_board_issue","rule","y","",""
"1978545","@GWRHelp a delayed train to Swindon means I miss connection, next train cancelled, 1.5 hours to then barely squeeze onto a packed train. https://t.co/4jepKK7QPU","delay_compensation","0.184","targeted:timetable_info","service_disruption","high","rule: live cancellation/disruption","auto-cascade-v1","2026-09-13T13:20:43+00:00","rule","delay_compensation","rule","y","",""
"2001251","@GWRHelp Hi. Booked tickets a while ago for travel tmrw. C card used has been destroyed because of fraud. How can I collect tickets tmrw?","booking_issue","0.108","natural","booking_issue","medium","tfidf moderate match","auto-cascade-v1","2026-09-13T13:20:43+00:00","tfidf-med","booking_issue","tfidf-med","y","",""
"2001752","@GWRHelp 2nd train/wk crammed Bath -London (&amp;back) almost didn't get on train, standing room only despite seat reserv #farcegreatwestern","on_board_issue","0.26","targeted:on_board_issue","on_board_issue","high","rule: onboard condition","auto-cascade-v1","2026-09-13T13:20:43+00:00","rule","on_board_issue","rule","y","",""
"2018098","@GWRHelp what on earth is going on at westbury station? 😂","other","0.074","natural","service_disruption","low","weak TF-IDF match; falls outside defined intents","auto-cascade-v1","2026-09-13T13:20:43+00:00","tfidf-low","other","tfidf-low","y","y","service_disruption"
"2022953","@GWRHelp I asked for urgent info as if 0932 BPW-PAD severely delayed need to let colleagues know NOW. You haven’t bothered to reply!","delay_compensation","0.107","natural","delay_compensation","medium","tfidf moderate match","auto-cascade-v1","2026-09-13T13:20:43+00:00","tfidf-med","delay_compensation","tfidf-med","y","",""
"2097567","@GWRHelp Are any trains running from Bristol Temple Meads to Exeter St Davids tomorrow morning, all have warning signs on the website?","booking_issue","0.207","targeted:booking_issue","booking_issue","high","rule: website/booking","auto-cascade-v1","2026-09-13T13:20:43+00:00","rule","booking_issue","rule","y","",""
"2100281","@GWRHelp joke again your service, two carriages on stj to btm and 10 if us left behind! No help given!","lost_property","0.182","targeted:lost_property","lost_property","medium","tfidf moderate match","auto-cascade-v1","2026-09-13T13:20:43+00:00","tfidf-med","lost_property","tfidf-med","y","",""
"2106244","@GWRHelp @120244 good afternoon, can you tell me why the 2119 from Bristol temple meads to Cardiff is not available for the next couple of weeks? Thanks","praise_or_chatter","0.151","natural","booking_issue","high","rule: praise","auto-cascade-v1","2026-09-13T13:20:43+00:00","rule","praise_or_chatter","rule","y","y","booking_issue"
"2113302","Gd news guys standing rm only on 16:15 from Pad 2 Ssea but the buffet is open! Seriously @GWRHelp get your priorities right.","on_board_issue","0.108","natural","on_board_issue","medium","tfidf moderate match","auto-cascade-v1","2026-09-13T13:20:43+00:00","tfidf-med","on_board_issue","tfidf-med","y","",""
"2123147","@GWRHelp 736 PAD SLO, board reads ON TIME. Time is 739, no train in sight. Late as usual","timetable_info","0.116","natural","delay_compensation","low","top-2 intents equally close (see sims)","auto-cascade-v1","2026-09-13T13:20:43+00:00","tfidf-ambig","timetable_info","tfidf-ambig","y","y","delay_compensation"
"2124466","@GWRHelp be good to know how long you think it’s going to be until the train blocking the line at Filton is going to take to be moved? Been over an hour now.","other","0.09","natural","service_disruption","low","weak TF-IDF match; falls outside defined intents","auto-cascade-v1","2026-09-13T13:20:43+00:00","tfidf-low","other","tfidf-low","y","y","service_disruption"
"2133928","Coo. This refurbished @GWRHelp 158 is surprisingly nice. https://t.co/Fb8hjfBduY","other","0.084","natural","praise_or_chatter","low","weak TF-IDF match; falls outside defined intents","auto-cascade-v1","2026-09-13T13:20:43+00:00","tfidf-low","other","tfidf-low","y","y","praise_or_chatter"
"2169352","@GWRHelp 

09.35 train departing from Langley cancelled.

09.58 train departing from Langley delayed by 12 minutes.","delay_compensation","0.127","natural","service_disruption","high","rule: live cancellation/disruption","auto-cascade-v1","2026-09-13T13:20:43+00:00","rule","delay_compensation","rule","y","",""
"2174289","Hey @GWRHelp what’s the scoop with the slow running on the 14:15 from Paddington to Cardiff central?","other","0.087","natural","delay_compensation","low","weak TF-IDF match; falls outside defined intents","auto-cascade-v1","2026-09-13T13:20:43+00:00","tfidf-low","other","tfidf-low","y","y","delay_compensation"
"2174313","Passengers waiting patiently while @GWRHelp tries to figure out why the train doors won't open. 7 min and counting... https://t.co/MHAa2kVmvi","refund_request","0.136","natural","service_disruption","medium","tfidf moderate match","auto-cascade-v1","2026-09-13T13:20:43+00:00","tfidf-med","refund_request","tfidf-med","y","y","service_disruption"
"2189442","@GWRHelp am I gonna get more than £10 off my monthly ticket this month? Bc almost every train has been delayed incl 1.5 hrs y’day!","delay_compensation","0.139","natural","delay_compensation","low","top-2 intents equally close (see sims)","auto-cascade-v1","2026-09-13T13:20:43+00:00","tfidf-ambig","delay_compensation","tfidf-ambig","y","y","delay_compensation"
"2221732","@gwrhelp 15.29 Swansea to Paddington leaking through most windows in my carriage. Plus some aisle seats. Not good on a train in Wales.","seat_reservation","0.135","natural","on_board_issue","low","top-2 intents equally close (see sims)","auto-cascade-v1","2026-09-13T13:20:43+00:00","tfidf-ambig","seat_reservation","tfidf-ambig","y","y","on_board_issue"
"2221735","@GWRHelp hi, any idea when adv tickets will come available for Sunday 10/12 PAD -EXD ? Ta","timetable_info","0.117","natural","booking_issue","medium","tfidf moderate match","auto-cascade-v1","2026-09-13T13:20:43+00:00","tfidf-med","timetable_info","tfidf-med","y","y","booking_issue"
"2228587","@GWRHelp Hi, I've just bought a ticket but the seat reservation seems to have disappeared. How can I book a reservation?","seat_reservation","0.172","targeted:seat_reservation","seat_reservation","high","rule: seat reservation","auto-cascade-v1","2026-09-13T13:20:43+00:00","rule","seat_reservation","rule","y","",""
"2233349","@GWRHelp is the 1630 Pad -&gt; Taunton completely reserved? I’m in coach K and nobody is moving down to the other 5 carriages.","seat_reservation","0.303","natural","seat_reservation","high","rule: seat reservation","auto-cascade-v1","2026-09-13T13:20:43+00:00","rule","seat_reservation","rule","y","",""
"2233353","@GWRHelp there’s going to be a riot atBristol any minute &amp; its all down to you, piss poor &amp; people are sick of this.","timetable_info","0.109","natural","other","low","top-2 intents equally close (see sims)","auto-cascade-v1","2026-09-13T13:20:43+00:00","tfidf-ambig","timetable_info","tfidf-ambig","y","y","other"
"2244762","@GWRHelp we are sorry to announce...chippenham To Paddington... Delayed 22 minutes..24 minutes..28 minutes...30 minutes...grrr, just tell us the actual delay ffs","delay_compensation","0.144","natural","delay_compensation","medium","tfidf moderate match","auto-cascade-v1","2026-09-13T13:20:43+00:00","tfidf-med","delay_compensation","tfidf-med","y","",""
"2250056","Ignorance about ‘hidden disabilities’ on display by #Reading station staff this eve; rudeness unacceptable. @261873 @GWRHelp","praise_or_chatter","0.105","natural","on_board_issue","low","top-2 intents equally close (see sims)","auto-cascade-v1","2026-09-13T13:20:43+00:00","tfidf-ambig","praise_or_chatter","tfidf-ambig","y","y","on_board_issue"
"2258492","@GWRHelp hello! The 00.07 from Oxford to Didcot is delayed - am I going to make my collection to Bath? (00.28)","other","0.072","natural","timetable_info","low","weak TF-IDF match; falls outside defined intents","auto-cascade-v1","2026-09-13T13:20:43+00:00","tfidf-low","other","tfidf-low","y","y","timetable_info"
"2271979","what's all this people 'saving empty seats' for their friends @GWRHelp ?","seat_reservation","0.174","natural","seat_reservation","medium","tfidf moderate match","auto-cascade-v1","2026-09-13T13:20:43+00:00","tfidf-med","seat_reservation","tfidf-med","y","",""
"2273526","@GWRHelp how do I put in a complaint about station staff who are extremely unprofessional and unhelpful and then antagonise customers!!!!!!!","praise_or_chatter","0.174","natural","on_board_issue","medium","tfidf moderate match","auto-cascade-v1","2026-09-13T13:20:43+00:00","tfidf-med","praise_or_chatter","tfidf-med","y","y","on_board_issue"
"2275104","Appalling service from @GWRHelp - not telling us until after Filton that the already 45 minutes late train was skipping Temple Meads, instead forcing people to change at Bath, which takes longer. Train from Bath is running late too of course.","delay_compensation","0.215","natural","delay_compensation","high","tfidf strong match","auto-cascade-v1","2026-09-13T13:20:43+00:00","tfidf-high","delay_compensation","tfidf-high","y","",""
"2313042","Hello @GWRHelp why was coach d taken off the 1601 Exeter-Paddington? Train is now ridiculously overcrowded.","seat_reservation","0.245","targeted:seat_reservation","seat_reservation","high","rule: seat reservation","auto-cascade-v1","2026-09-13T13:20:43+00:00","rule","seat_reservation","rule","y","",""
"2332321","@GWRHelp Morning.  I got an alert that 0621 Twy to Pad cancelled but not 0653. Can you feed back pls. Also what happened to the 53?","service_disruption","0.16","natural","service_disruption","high","rule: live cancellation/disruption","auto-cascade-v1","2026-09-13T13:20:43+00:00","rule","service_disruption","rule","y","",""
"2333909","@GWRHelp how do you book for the Pullman service?","booking_issue","0.129","natural","booking_issue","medium","tfidf moderate match","auto-cascade-v1","2026-09-13T13:20:43+00:00","tfidf-med","booking_issue","tfidf-med","y","",""
"2334035","@GWRHelp could you not find a newer train to go to Cardiff ? Guess there’s no chance of a drink for 2 hours","on_board_issue","0.104","natural","on_board_issue","low","top-2 intents equally close (see sims)","auto-cascade-v1","2026-09-13T13:20:43+00:00","tfidf-ambig","on_board_issue","tfidf-ambig","y","y","on_board_issue"
"2336670","@GWRHelp Good morning, v wet/windy in Somerset. Can you confirm trains from Castle Cary to London will be running on time? 6.36 and 7.27?","timetable_info","0.141","natural","timetable_info","medium","tfidf moderate match","auto-cascade-v1","2026-09-13T13:20:43+00:00","tfidf-med","timetable_info","tfidf-med","y","",""
"2343359","@GWRHelp hi there, last night my train got held for almost 1 hour. What can I do to claim a compensation?","delay_compensation","0.335","natural","delay_compensation","high","tfidf strong match","auto-cascade-v1","2026-09-13T13:20:43+00:00","tfidf-high","delay_compensation","tfidf-high","y","",""
"2382306","We interrupt this commute by stopping outside a train station for 10 minutes. Which in turn makes me late for a connecting train. Yesterday was late @GWRHelp as a season ticket holder You need to be better","delay_compensation","0.234","natural","delay_compensation","high","tfidf strong match","auto-cascade-v1","2026-09-13T13:20:43+00:00","tfidf-high","delay_compensation","tfidf-high","y","",""
"2386768","@GWRHelp Do you have a phone number or email address for your marketing department we can use?","other","0.053","natural","other","low","weak TF-IDF match; falls outside defined intents","auto-cascade-v1","2026-09-13T13:20:43+00:00","tfidf-low","other","tfidf-low","y","",""
"2392894","@GWRHelp on one of your new trains, half of it is first class. *facepalm*","other","0.091","natural","on_board_issue","low","weak TF-IDF match; falls outside defined intents","auto-cascade-v1","2026-09-13T13:20:43+00:00","tfidf-low","other","tfidf-low","y","y","on_board_issue"
"2395986","@GWRHelp on brand new train Paddington to Bristol -and it's BRILLIANT!!!","timetable_info","0.174","natural","praise_or_chatter","high","rule: praise","auto-cascade-v1","2026-09-13T13:20:43+00:00","rule","timetable_info","rule","y","",""
"2396578","@GWRHelp any reason for the delay on the 17.05 Portsmouth Harbour from Southampton Central?","other","0.068","natural","delay_compensation","low","weak TF-IDF match; falls outside defined intents","auto-cascade-v1","2026-09-13T13:20:43+00:00","tfidf-low","other","tfidf-low","y","y","delay_compensation"
"2420604","@GWRHelp Hi, was expecting to get on the Plymouth at 1300, now delayed. What time do you expect departure?","other","0.091","natural","timetable_info","high","rule: timetable/next train","auto-cascade-v1","2026-09-13T13:20:43+00:00","rule","other","rule","y","",""
"2423181","Hi @GWRHelp, are standard class passengers not able to even walk through First Class to get to the right carriage anymore?","other","0.045","natural","other","low","weak TF-IDF match; falls outside defined intents","auto-cascade-v1","2026-09-13T13:20:43+00:00","tfidf-low","other","tfidf-low","y","",""
"2433572","@GWRHelp trying to book the sleeper on your website it's impossible!!","booking_issue","0.486","targeted:booking_issue","booking_issue","high","rule: website/booking","auto-cascade-v1","2026-09-13T13:20:43+00:00","rule","booking_issue","rule","y","",""
"2449554","@GWRHelp train at P4 PAD. Seats and window signs for BRI. Now BRI P5. All unreserved. Chaos. Well done! Why oh why??","seat_reservation","0.186","natural","praise_or_chatter","high","rule: praise","auto-cascade-v1","2026-09-13T13:20:43+00:00","rule","seat_reservation","rule","y","",""
"2462690","Same every day @GWRHelp - do you have works planned to resolve this ongoing issue? Currently creeping into #pad again. https://t.co/NDE8xksfeD","other","0.076","natural","delay_compensation","low","weak TF-IDF match; falls outside defined intents","auto-cascade-v1","2026-09-13T13:20:43+00:00","tfidf-low","other","tfidf-low","y","y","delay_compensation"
"2464112","@GWRHelp your service on the reading to London paddington line is shocking at the moment, everyday delayed or cancelled trains! You are becoming the new southern rail! Pathetic","service_disruption","0.232","natural","service_disruption","high","rule: live cancellation/disruption","auto-cascade-v1","2026-09-13T13:20:43+00:00","rule","service_disruption","rule","y","",""
"2464139","@GWRHelp why have there consistently been problems in the mornings from reading/Maidenhead into Paddington? Is there an end in sight?","other","0.08","natural","delay_compensation","low","weak TF-IDF match; falls outside defined intents","auto-cascade-v1","2026-09-13T13:20:43+00:00","tfidf-low","other","tfidf-low","y","y","delay_compensation"
"2466847","@GWRHelp your 19.15 from Cardiff. Would you mind awfully enforcing fire regulations. Passengers blocking Isles with suitcases. No staff #gwr","on_board_issue","0.128","natural","on_board_issue","medium","tfidf moderate match","auto-cascade-v1","2026-09-13T13:20:43+00:00","tfidf-med","on_board_issue","tfidf-med","y","",""
"2468985","@GWRHelp just been sitting on a train heading to Ealing Broadway, seconds before it’s due to leave it’s announced that it’s going fast to West Drayton! I can’t believe that will save any time and all you’ve done is lose a customer as I’m fed up with your service!","lost_property","0.138","natural","other","medium","tfidf moderate match","auto-cascade-v1","2026-09-13T13:20:43+00:00","tfidf-med","lost_property","tfidf-med","y","y","other"
"2474213","@GWRHelp dissapointed that due to your website crashing I've been charged twice. Unfortunately colleagues have not helped :(","booking_issue","0.465","targeted:booking_issue","booking_issue","high","rule: website/booking","auto-cascade-v1","2026-09-13T13:20:43+00:00","rule","booking_issue","rule","y","",""
"2494213","Why did you not hold the Swindon train at Westbury for one minute for the delayed Cardiff central train to get in? I’ll now be 1 hour late @GWRHelp","delay_compensation","0.129","natural","delay_compensation","low","top-2 intents equally close (see sims)","auto-cascade-v1","2026-09-13T13:20:43+00:00","tfidf-ambig","delay_compensation","tfidf-ambig","y","y","delay_compensation"
"2494244","@GWRHelp Can I travel via Bristol Temple Meads on an IET with a Super Off Peak Return from Brighton to Cardiff?","delay_compensation","0.11","natural","timetable_info","low","top-2 intents equally close (see sims)","auto-cascade-v1","2026-09-13T13:20:43+00:00","tfidf-ambig","delay_compensation","tfidf-ambig","y","y","timetable_info"
"2506119","@GWRHelp When will engineering works/train times from Paddington to Bath on 16th Dec be finalised, please? Need to plan travel asap, Future Engineeering Works on Nat Rail website just says, 'Check nearer the time'","booking_issue","0.193","targeted:booking_issue","service_disruption","high","rule: live cancellation/disruption","auto-cascade-v1","2026-09-13T13:20:43+00:00","rule","booking_issue","rule","y","",""
"2513795","Loving my Return to school. Stood in gangway between carriages on moving floor. Best way to start a Monday in2 Coach crammed mess @GWRHelp","seat_reservation","0.208","natural","on_board_issue","high","rule: onboard condition","auto-cascade-v1","2026-09-13T13:20:43+00:00","rule","seat_reservation","rule","y","",""
"2514816","@GWRHelp some people would love to get to work on time, maybe just once this year will a train leave southall on time 🤷🏽‍♀️ https://t.co/NC3tcMZwXF","timetable_info","0.199","natural","delay_compensation","medium","tfidf moderate match","auto-cascade-v1","2026-09-13T13:20:43+00:00","tfidf-med","timetable_info","tfidf-med","y","y","delay_compensation"
"2534231","@GWRHelp @ just 2 coaches rescued from a museum for Portsmouth to Brighton. Rubbish.","other","0.068","natural","on_board_issue","low","weak TF-IDF match; falls outside defined intents","auto-cascade-v1","2026-09-13T13:20:43+00:00","tfidf-low","other","tfidf-low","y","y","on_board_issue"
"2538381","@gwrhelp Hi. Is there a seating plan available for IETs please? Would be helpful in choosing seat reservations.","seat_reservation","0.102","natural","timetable_info","medium","tfidf moderate match","auto-cascade-v1","2026-09-13T13:20:43+00:00","tfidf-med","seat_reservation","tfidf-med","y","y","timetable_info"
"2551301","Comfy mobile office @GWRHelp style....off to the big smoke #london #LAFD https://t.co/JzvgCVZZ4W","other","0.078","natural","praise_or_chatter","low","weak TF-IDF match; falls outside defined intents","auto-cascade-v1","2026-09-13T13:20:43+00:00","tfidf-low","other","tfidf-low","y","y","praise_or_chatter"
"2561416","@GWRHelp How in 2017 is it possible that your drivers STILL do not have the common courtesy to tell us why we are going slowly or randomly stopped. #ffs stillrude","timetable_info","0.127","natural","on_board_issue","medium","tfidf moderate match","auto-cascade-v1","2026-09-13T13:20:43+00:00","tfidf-med","timetable_info","tfidf-med","y","y","on_board_issue"
"2566546","@GWRHelp Hi, how long does it take to refund a ticket? I've been waiting 10 days and its not an insignificant amount of ££.","refund_request","0.344","targeted:refund_request","refund_request","high","rule: explicit refund","auto-cascade-v1","2026-09-13T13:20:43+00:00","rule","refund_request","rule","y","",""
"2566575","@GWRHelp hi trying to book a ticket and reserve a seat for the 8.26 CDF to PAD for tomorrow but none available. Are all seats fully booked?","booking_issue","0.231","targeted:seat_reservation","seat_reservation","high","rule: seat reservation","auto-cascade-v1","2026-09-13T13:20:43+00:00","rule","booking_issue","rule","y","",""
"2571618","@GWRHelp 5 hours every week from Truro to Paddington.  5 hours every week back... how can I spice it up?","other","0.065","natural","other","low","weak TF-IDF match; falls outside defined intents","auto-cascade-v1","2026-09-13T13:20:43+00:00","tfidf-low","other","tfidf-low","y","",""
"2572763","@GWRHelp I have been on a train for 50 mins that should take 30 with absolutely no explanation why!! 722 Paddington to Reading","timetable_info","0.2","natural","delay_compensation","high","tfidf strong match","auto-cascade-v1","2026-09-13T13:20:43+00:00","tfidf-high","timetable_info","tfidf-high","y","y","delay_compensation"
"2577417","This train gets worse. Closed bar at didcot and now going to throw us off at Gloucester at about 9.45pm.  Not even considering trying to help fare payers @GWRHelp #trains #ombudsman","service_disruption","0.122","natural","service_disruption","low","top-2 intents equally close (see sims)","auto-cascade-v1","2026-09-13T13:20:43+00:00","tfidf-ambig","service_disruption","tfidf-ambig","y","y","service_disruption"
"2601797","@GWRHelp So 1A04. New IEP running the service. But.... Always late. I.e. today very late. What's happening? Thought it was meant to be faster. Also. Please stop calling at unplanned stations to show off the train. I know it's pretty but I have work to go to :) K thnx bye","timetable_info","0.111","natural","delay_compensation","low","top-2 intents equally close (see sims)","auto-cascade-v1","2026-09-13T13:20:43+00:00","tfidf-ambig","timetable_info","tfidf-ambig","y","y","delay_compensation"
"2612375","@GWRHelp @SW_Help where can I get an update on the status of my refund? (Purchsed at SW, refunded at GWR) awaiting a cheque to be sent for my plus bus refund","refund_request","0.483","targeted:refund_request","refund_request","high","rule: explicit refund","auto-cascade-v1","2026-09-13T13:20:43+00:00","rule","refund_request","rule","y","",""
"2617383","Oh the rage when someone is having a phone conversation in the quiet carriage! I don’t want to hear your business conversation you imbecile!!! @GWRHelp is it acceptable to throw hummus? 😉","other","0.046","natural","other","low","weak TF-IDF match; falls outside defined intents","auto-cascade-v1","2026-09-13T13:20:43+00:00","tfidf-low","other","tfidf-low","y","",""
"2620164","@GWRHelp applied for refund after 75 mins delay to be told I was only delayed 15 mins!!Now not getting any response from you . Hopeless","refund_request","0.212","targeted:refund_request","refund_request","high","rule: explicit refund","auto-cascade-v1","2026-09-13T13:20:43+00:00","rule","refund_request","rule","y","",""
"2628083","Arg standing room only from Taunton to London Paddington @GWRHelp 😔 so no working my on the train for me!","on_board_issue","0.266","natural","on_board_issue","high","rule: onboard condition","auto-cascade-v1","2026-09-13T13:20:43+00:00","rule","on_board_issue","rule","y","",""
"2629631","@GWRHelp is there actually going to be a coach D on the 6:05 from Paddington this time?","seat_reservation","0.236","targeted:seat_reservation","seat_reservation","high","rule: seat reservation","auto-cascade-v1","2026-09-13T13:20:43+00:00","rule","seat_reservation","rule","y","",""
"2631819","@GWRHelp Trains a mess at Bath Spa this evening. No room even to get on late running Portsmouth Harbour train...Not good enough.","praise_or_chatter","0.105","natural","on_board_issue","low","top-2 intents equally close (see sims)","auto-cascade-v1","2026-09-13T13:20:43+00:00","tfidf-ambig","praise_or_chatter","tfidf-ambig","y","y","on_board_issue"
"2634325","@GWRHelp hi can you upgrade to first once on the train? And if yes, how?","timetable_info","0.189","natural","other","medium","tfidf moderate match","auto-cascade-v1","2026-09-13T13:20:43+00:00","tfidf-med","timetable_info","tfidf-med","y","y","other"
"2637817","Wondering why I take the train any more @GWRHelp Delayed this morning, delayed this evening. #windsor train not held. Waiting in the cold now. Reminds me, need to contact you about my last refund.","refund_request","0.332","targeted:refund_request","refund_request","high","rule: explicit refund","auto-cascade-v1","2026-09-13T13:20:43+00:00","rule","refund_request","rule","y","",""
"2656045","It's almost as if @tfl AND @GWRHelp hate me and teamed up through a deep rooted disdain for my existence in an attempt to ruin my day...","other","0.055","natural","other","low","weak TF-IDF match; falls outside defined intents","auto-cascade-v1","2026-09-13T13:20:43+00:00","tfidf-low","other","tfidf-low","y","",""
"2664740","@GWRHelp the 07:21 from Hanborough arrives 14 late full &amp; standing &amp; the 07:39 from Hanborough goes from on time to 16 late - any idea why?","timetable_info","0.112","natural","delay_compensation","low","top-2 intents equally close (see sims)","auto-cascade-v1","2026-09-13T13:20:43+00:00","tfidf-ambig","timetable_info","tfidf-ambig","y","y","delay_compensation"
"2682814","@GWRHelp - is the second part of my journey running? I can't see that the train to Salisbury is running and not sure what to do as I have an advance ticket... currently sat on the bus replacement to Bristol... help?! https://t.co/phrDkhW7Wx","other","0.099","natural","other","low","weak TF-IDF match; falls outside defined intents","auto-cascade-v1","2026-09-13T13:20:43+00:00","tfidf-low","other","tfidf-low","y","",""
"2689783","@GWRHelp I’m on my third GWR journey in as many weekends on which reservations have been cancelled. There are rising tensions among your customers in this particular trip. Such poor service.","service_disruption","0.169","natural","service_disruption","high","rule: live cancellation/disruption","auto-cascade-v1","2026-09-13T13:20:43+00:00","rule","service_disruption","rule","y","",""
"2691337","@GWRHelp due to your stupid strike I have had to massively change my journey making it so much longer! You better give me a refund for this!! 😡😡😡","refund_request","0.425","natural","refund_request","high","rule: explicit refund","auto-cascade-v1","2026-09-13T13:20:43+00:00","rule","refund_request","rule","y","",""
"2697598","Top marks to @GWRHelp staff and coach staff who have stepped in to cover @121428 industrial action.","seat_reservation","0.223","natural","praise_or_chatter","high","tfidf strong match","auto-cascade-v1","2026-09-13T13:20:43+00:00","tfidf-high","seat_reservation","tfidf-high","y","y","praise_or_chatter"
"2697643","@GWRHelp GWR violates passenger charter by not honouring #delayrepay 
#passengercharter #shitservice","other","0.061","natural","delay_compensation","high","rule: delay repay/compensation","auto-cascade-v1","2026-09-13T13:20:43+00:00","rule","other","rule","y","",""
"2703317","Thanks @GWRHelp for diverting the London - Swansea journey without warning meaning I’ve missed my connection which is the last of the day. Just what I wanted 👍🏼👍🏼👍🏼","delay_compensation","0.16","targeted:delay_compensation","delay_compensation","high","rule: praise","auto-cascade-v1","2026-09-13T13:20:43+00:00","rule","delay_compensation","rule","y","y","delay_compensation"
"2720778","@GWRHelp hi, is it too late to buy a ticket with a seat reservation for peak time out of Paddington tonight? Ticket office closed in bridgend yesterday and this morning so unable to do so. (I know I can buy a ticket, it’s the reservation bit I’m interested in!)","delay_compensation","0.16","targeted:seat_reservation","seat_reservation","high","rule: seat reservation","auto-cascade-v1","2026-09-13T13:20:43+00:00","rule","delay_compensation","rule","y","",""
"2731603","@GWRHelp What is going on with 16.49 from BRI to AVF? NR website suggests it is cancelled as well as running as normal!? Please advise. Also, can we have 3 carriages please?","booking_issue","0.191","targeted:booking_issue","service_disruption","high","rule: live cancellation/disruption","auto-cascade-v1","2026-09-13T13:20:43+00:00","rule","booking_issue","rule","y","",""
"2736664","@121428 when will the train from Totnes arrive in Newton Abbot? Thanks","timetable_info","0.13","natural","timetable_info","high","rule: timetable/next train","auto-cascade-v1","2026-09-13T13:20:43+00:00","rule","timetable_info","rule","y","",""
"2744755","@GWRHelp not a good day to travel today. Delays on the way to Paddington this morning and and now delays on the way home to Bristol with a train limping along at 50mph.  GWR you really should do better.  And I paid £150 for this privilege.","other","0.094","natural","delay_compensation","low","weak TF-IDF match; falls outside defined intents","auto-cascade-v1","2026-09-13T13:20:43+00:00","tfidf-low","other","tfidf-low","y","y","delay_compensation"
"2747972","@GWRHelp Your web site is still broken, I can't book tickets! How can something so fundamental get bust in the first place and why has it taken you &gt; 1 day to fix it?","booking_issue","0.166","natural","booking_issue","high","rule: website/booking","auto-cascade-v1","2026-09-13T13:20:43+00:00","rule","booking_issue","rule","y","",""
"2772461","@GWRHelp As the peak service to/from AVF/BRI is always short-formed, i am thinking of reserving seats so that you pay me compensation when I cannot sit (i.e. everyday). However, I need to have a reserved seat at the front of the front carriage (to get off at AVF). Possible?","seat_reservation","0.253","targeted:seat_reservation","seat_reservation","high","rule: seat reservation","auto-cascade-v1","2026-09-13T13:20:43+00:00","rule","seat_reservation","rule","y","",""
"2781238","@GWRHelp just out of interest, why is the 17:23 from Reading to Oxford invariably late?","lost_property","0.16","natural","delay_compensation","medium","tfidf moderate match","auto-cascade-v1","2026-09-13T13:20:43+00:00","tfidf-med","lost_property","tfidf-med","y","y","delay_compensation"
"2788047","@GWRHelp can you tell me why the 18:45 is travelling at 35mph ? Your TM announced hot and cold snacks but omitted to mention the trains somewhat “relaxed” progress ...","other","0.075","natural","delay_compensation","low","weak TF-IDF match; falls outside defined intents","auto-cascade-v1","2026-09-13T13:20:43+00:00","tfidf-low","other","tfidf-low","y","y","delay_compensation"
"2793353","Dear @GWRHelp your ticket booking website is so bad it's clearly been built over the Hellmouth.","booking_issue","0.53","targeted:booking_issue","booking_issue","high","tfidf strong match","auto-cascade-v1","2026-09-13T13:20:43+00:00","tfidf-high","booking_issue","tfidf-high","y","",""
"2796724","So, @GWRHelp, once again the 21.45 is cancelled. Can I have a refund for time served, if nothing else?","refund_request","0.317","targeted:refund_request","refund_request","high","rule: explicit refund","auto-cascade-v1","2026-09-13T13:20:43+00:00","rule","refund_request","rule","y","",""
"2811065","@GWRHelp why don't you just admit you're not going to run the 07.08 from Radley rather than endlessly advancing the dept time by two mins? Hopeless service. Should have used Chiltern - cheaper and more punctual.","timetable_info","0.143","natural","delay_compensation","medium","tfidf moderate match","auto-cascade-v1","2026-09-13T13:20:43+00:00","tfidf-med","timetable_info","tfidf-med","y","y","delay_compensation"
"2811081","@GWRHelp Great service on the West bound night riviera coach C. Like the refurb but a hook for the damp towel and small shelf for the key card would finish it off nicely.","seat_reservation","0.179","targeted:seat_reservation","praise_or_chatter","high","rule: seat reservation","auto-cascade-v1","2026-09-13T13:20:43+00:00","rule","seat_reservation","rule","y","y","praise_or_chatter"
"2822529","@GWRHelp Hi. Forgot my season ticket so had to buy a ticket - how does it work getting this refunded?","delay_compensation","0.179","targeted:lost_property","refund_request","medium","tfidf moderate match","auto-cascade-v1","2026-09-13T13:20:43+00:00","tfidf-med","delay_compensation","tfidf-med","y","y","refund_request"
"2824212","@GWRHelp Pity to only have 2 carriages on 0810 SVB-BRI this morning: temptation to wait for following service was massive. Next batch of 165s &amp; 166s hopefully in service for the new year: I did hear some might gave power points?","other","0.073","natural","on_board_issue","low","weak TF-IDF match; falls outside defined intents","auto-cascade-v1","2026-09-13T13:20:43+00:00","tfidf-low","other","tfidf-low","y","y","on_board_issue"
"2825950","@GWRHelp 10am from Bri to Pad. No coach E so now forced to stand for over an hour. Train is overfilled. How is this acceptable?!","seat_reservation","0.307","targeted:seat_reservation","seat_reservation","high","rule: seat reservation","auto-cascade-v1","2026-09-13T13:20:43+00:00","rule","seat_reservation","rule","y","",""
"2828411","This delayed trains business is not very fun #ColdConcreteOffice @GWRHelp https://t.co/rROhTjHvIK","service_disruption","0.154","natural","service_disruption","medium","tfidf moderate match","auto-cascade-v1","2026-09-13T13:20:43+00:00","tfidf-med","service_disruption","tfidf-med","y","",""
"2834727","@GWRHelp can you confirm who cheques are payable to for season tickets? Thanks","other","0.091","natural","other","high","rule: praise","auto-cascade-v1","2026-09-13T13:20:43+00:00","rule","other","rule","y","y","other"
"2845245","@GWRHelp you’ve taken away two peak time fast trains for your Maidenhead customers this evening. What are you replacing them with for those people who have to be home on time?","timetable_info","0.108","natural","other","low","top-2 intents equally close (see sims)","auto-cascade-v1","2026-09-13T13:20:43+00:00","tfidf-ambig","timetable_info","tfidf-ambig","y","y","other"
"2847184","The joy of Monday. Cancelled trains, probably another missed connection (MAI to  BNE) as the train I'm on seems to be in the slow lane. @GWRHelp am now adding up the cost of taxis &amp; return fares that never return.","delay_compensation","0.14","natural","delay_compensation","high","rule: live cancellation/disruption","auto-cascade-v1","2026-09-13T13:20:43+00:00","rule","delay_compensation","rule","y","y","delay_compensation"
"2847191","@GWRHelp 18:00 IEP delayed out of Paddington due to technical fault? Any idea when or if it is going? The coach I am in still thinks it is going TO Paddington!","seat_reservation","0.17","targeted:seat_reservation","delay_compensation","high","rule: seat reservation","auto-cascade-v1","2026-09-13T13:20:43+00:00","rule","seat_reservation","rule","y","y","delay_compensation"
"2849263","@GWRHelp are you totally incompetent? Paddington tonight was a joke. No one knew what was happening, trains starting in Reading instead of Paddington. Info level a joke, staff attitude a joke. £8k a year for this????","service_disruption","0.178","natural","service_disruption","medium","tfidf moderate match","auto-cascade-v1","2026-09-13T13:20:43+00:00","tfidf-med","service_disruption","tfidf-med","y","",""
"2878357","@GWRHelp disappointed to be standing on the (delayed as usual) 0644 from Reading to Padd. When will the new trains be brought in for this train....it is getting very popular now! Now rammed even in the vestibule from Slough.","timetable_info","0.126","natural","on_board_issue","low","top-2 intents equally close (see sims)","auto-cascade-v1","2026-09-13T13:20:43+00:00","tfidf-ambig","timetable_info","tfidf-ambig","y","y","on_board_issue"
"2897312","@GWRHelp I’ve got a season ticket which I no longer need, am I able to get the weeks I’m not using refunded? If so, how do I go about this?","delay_compensation","0.108","natural","refund_request","low","top-2 intents equally close (see sims)","auto-cascade-v1","2026-09-13T13:20:43+00:00","tfidf-ambig","delay_compensation","tfidf-ambig","y","y","refund_request"
"2897317","@GWRHelp Will the 17:37 Oxford Ealing train be on time tonight or will it get held back 3 times again?
The suspense is too much...","lost_property","0.171","natural","delay_compensation","medium","tfidf moderate match","auto-cascade-v1","2026-09-13T13:20:43+00:00","tfidf-med","lost_property","tfidf-med","y","y","delay_compensation"
"2897321","@GWRHelp 16.29 from Swansea to Paddington. There's a horrible noise in coach D, like the brakes are sticking, is the carriage ok?","seat_reservation","0.247","targeted:seat_reservation","on_board_issue","high","rule: seat reservation","auto-cascade-v1","2026-09-13T13:20:43+00:00","rule","seat_reservation","rule","y","y","on_board_issue"
"2898684","I feel like I’m always moaning but today my train home is on time AND I was lucky to get a seat. Good times!!!! 👏👏👏 @GWRHelp","on_board_issue","0.104","natural","praise_or_chatter","low","top-2 intents equally close (see sims)","auto-cascade-v1","2026-09-13T13:20:43+00:00","tfidf-ambig","on_board_issue","tfidf-ambig","y","y","praise_or_chatter"
"2932682","@GWRHelp how do I get a refund on my reserved seat in carriage C on the 7.55 Chips to Paddo? No carriage C and now standing in cattle style.","refund_request","0.345","targeted:seat_reservation","refund_request","high","rule: explicit refund","auto-cascade-v1","2026-09-13T13:20:43+00:00","rule","refund_request","rule","y","",""
"2948829","@GWRHelp no power at Chippenham station = no tickets today or tomorrow can you let the train managers know Bristol to padd line","booking_issue","0.113","natural","other","medium","tfidf moderate match","auto-cascade-v1","2026-09-13T13:20:43+00:00","tfidf-med","booking_issue","tfidf-med","y","y","other"
"2951292","@GWRHelp don't tell me ""more breakdowns than usual"" ah well I get a chance to stand in the cold for 1/2 hour as I couldn't get on. https://t.co/80b52Tf0ck","other","0.042","natural","on_board_issue","low","weak TF-IDF match; falls outside defined intents","auto-cascade-v1","2026-09-13T13:20:43+00:00","tfidf-low","other","tfidf-low","y","y","on_board_issue"
"2952907","Prompt response - which is good 👍: Still no real explanation - which is not good 👎@GWRHelp https://t.co/SYhawbW9Rx","other","0.072","natural","other","low","weak TF-IDF match; falls outside defined intents","auto-cascade-v1","2026-09-13T13:20:43+00:00","tfidf-low","other","tfidf-low","y","",""
"2961832","@GWRHelp have collected tickets for tomorrow from newton abbot to reading and it has only printed one ticket and 2 seat reservations plus receipt. Open ticket for 7.32 missing. Help!","seat_reservation","0.173","natural","seat_reservation","medium","tfidf moderate match","auto-cascade-v1","2026-09-13T13:20:43+00:00","tfidf-med","seat_reservation","tfidf-med","y","",""
"2977955","Could @GWRHelp tell me which trains later today are 'peak' from PAD to BTH? Got an off-peak ticket and don't want to get on wrong one.","other","0.096","natural","timetable_info","low","weak TF-IDF match; falls outside defined intents","auto-cascade-v1","2026-09-13T13:20:43+00:00","tfidf-low","other","tfidf-low","y","y","timetable_info"
